{
"type": "FeatureCollection",
"name": "ATR Outer boundary",
"crs": { "type": "name", "properties": { "name": "urn:ogc:def:crs:OGC:1.3:CRS84" } },
"features": [
{ "type": "Feature", "properties": { "Layer": "ATR Boundary", "Map_name": "ATR_boun", "State": "Tamil_Nadu", "Division": "ATR_Pollachi" }, "geometry": { "type": "MultiPolygon", "coordinates": [ [ [ [ 77.347503989878149, 10.290005824773568, 0.0 ], [ 77.347408329059476, 10.29016857265079, 0.0 ], [ 77.348290036534067, 10.290592310027414, 0.0 ], [ 77.349622552072461, 10.291269969395652, 0.0 ], [ 77.35044096961542, 10.291712493883717, 0.0 ], [ 77.351799997240775, 10.291822199203635, 0.0 ], [ 77.352823841403051, 10.291515875518355, 0.0 ], [ 77.353185237089363, 10.291453306542182, 0.0 ], [ 77.353936888354909, 10.291029458493464, 0.0 ], [ 77.354509583007669, 10.290965762651068, 0.0 ], [ 77.35517652871134, 10.29134926701404, 0.0 ], [ 77.355481543131674, 10.291795327003864, 0.0 ], [ 77.356027251566687, 10.292120289734138, 0.0 ], [ 77.356844015792547, 10.292353503075356, 0.0 ], [ 77.35829667643786, 10.292880899677444, 0.0 ], [ 77.359114507661744, 10.293293391508396, 0.0 ], [ 77.360019874452803, 10.293624725272355, 0.0 ], [ 77.360476302080485, 10.293791582437853, 0.0 ], [ 77.361210774475026, 10.294160141628403, 0.0 ], [ 77.361221905980983, 10.293744201060537, 0.0 ], [ 77.361559503586392, 10.292350058597675, 0.0 ], [ 77.36156890450836, 10.291661168650514, 0.0 ], [ 77.361407980436482, 10.291447235143604, 0.0 ], [ 77.360328983080692, 10.290537168982292, 0.0 ], [ 77.359673448224413, 10.290054001443494, 0.0 ], [ 77.358868874382807, 10.288983795478488, 0.0 ], [ 77.359326525822794, 10.288220183116955, 0.0 ], [ 77.360070559134527, 10.28695223814457, 0.0 ], [ 77.360397829977188, 10.286160831630882, 0.0 ], [ 77.361155713406163, 10.284849467648948, 0.0 ], [ 77.361584364420139, 10.284014820772901, 0.0 ], [ 77.362069313023937, 10.283079277768421, 0.0 ], [ 77.362094694772992, 10.28303087894222, 0.0 ], [ 77.362226887043093, 10.28277621549106, 0.0 ], [ 77.362728088542255, 10.281969086614032, 0.0 ], [ 77.36288490482832, 10.281623729917188, 0.0 ], [ 77.363428091709764, 10.280658521723065, 0.0 ], [ 77.363627024491535, 10.280200035228955, 0.0 ], [ 77.363783847592913, 10.279838093321601, 0.0 ], [ 77.363956681798072, 10.279693374610824, 0.0 ], [ 77.364620271218143, 10.279315312961478, 0.0 ], [ 77.365197024305061, 10.278981504378406, 0.0 ], [ 77.365571883407853, 10.278691410635103, 0.0 ], [ 77.365990011201859, 10.278416102732711, 0.0 ], [ 77.366451382765845, 10.278140062677915, 0.0 ], [ 77.366737992231549, 10.27795303350304, 0.0 ], [ 77.366847149544341, 10.277870980182804, 0.0 ], [ 77.366861536258028, 10.27786074768923, 0.0 ], [ 77.366973249724538, 10.277295084093344, 0.0 ], [ 77.367552365257097, 10.276401676131515, 0.0 ], [ 77.368291618874011, 10.276087064165319, 0.0 ], [ 77.368523439995585, 10.276085518213447, 0.0 ], [ 77.368553326710426, 10.275982690719596, 0.0 ], [ 77.368475540474051, 10.275103737730291, 0.0 ], [ 77.368080683908815, 10.274613609977418, 0.0 ], [ 77.368030899195261, 10.274550992431287, 0.0 ], [ 77.36761338324726, 10.274027488157707, 0.0 ], [ 77.367400112557405, 10.273909785245335, 0.0 ], [ 77.367329242559393, 10.273880188978607, 0.0 ], [ 77.367306747051728, 10.27385805410837, 0.0 ], [ 77.366899617229379, 10.27346115925786, 0.0 ], [ 77.366896446896916, 10.273003588172982, 0.0 ], [ 77.366538074599546, 10.27261898296118, 0.0 ], [ 77.366005760900961, 10.272201422056551, 0.0 ], [ 77.3660111192861, 10.272072650131493, 0.0 ], [ 77.365931452422842, 10.272080220032024, 0.0 ], [ 77.365911960588903, 10.271642451247253, 0.0 ], [ 77.366061901172884, 10.271373393353848, 0.0 ], [ 77.366549074576014, 10.271084291018981, 0.0 ], [ 77.366807785118809, 10.270809681113333, 0.0 ], [ 77.36682001631236, 10.270522760641065, 0.0 ], [ 77.366846956433477, 10.270264677028541, 0.0 ], [ 77.367003369457237, 10.26983317751486, 0.0 ], [ 77.367001090058395, 10.269560231555705, 0.0 ], [ 77.366841141685725, 10.26939878824807, 0.0 ], [ 77.366563572562342, 10.269119013712325, 0.0 ], [ 77.366327849323781, 10.268604114474702, 0.0 ], [ 77.366237667423277, 10.26813141102943, 0.0 ], [ 77.366277915390469, 10.267700411074605, 0.0 ], [ 77.366553050603244, 10.26748412477186, 0.0 ], [ 77.366666864923275, 10.267375475107212, 0.0 ], [ 77.366948577502285, 10.267107504057698, 0.0 ], [ 77.366903244426709, 10.267057338757203, 0.0 ], [ 77.366966222196069, 10.266820229134989, 0.0 ], [ 77.365285376493205, 10.263493731121679, 0.0 ], [ 77.364956123899546, 10.263290389314935, 0.0 ], [ 77.36457175721543, 10.262616030513401, 0.0 ], [ 77.364321148245963, 10.261948172817108, 0.0 ], [ 77.364379756732106, 10.261582520450593, 0.0 ], [ 77.364251887186626, 10.260943812444513, 0.0 ], [ 77.364062262978436, 10.260245310211443, 0.0 ], [ 77.363975065380529, 10.259780743188616, 0.0 ], [ 77.360843004563947, 10.259602626899213, 0.0 ], [ 77.359863659337762, 10.25880612896238, 0.0 ], [ 77.356365791116687, 10.259053624113916, 0.0 ], [ 77.356068385954302, 10.259013950926425, 0.0 ], [ 77.356066749348187, 10.259014432501308, 0.0 ], [ 77.353665301683918, 10.259217944951059, 0.0 ], [ 77.350177316370647, 10.260059488122719, 0.0 ], [ 77.34870798320091, 10.26163095975294, 0.0 ], [ 77.348968202480691, 10.260777007655014, 0.0 ], [ 77.348920870702543, 10.259199278246015, 0.0 ], [ 77.348914777902152, 10.258409921950991, 0.0 ], [ 77.349017694135043, 10.257656234633275, 0.0 ], [ 77.348436159067447, 10.257373449046337, 0.0 ], [ 77.347992709379213, 10.256157293543716, 0.0 ], [ 77.347838568993822, 10.254867145251588, 0.0 ], [ 77.347830302784615, 10.253948793351668, 0.0 ], [ 77.347990254371624, 10.253428645357284, 0.0 ], [ 77.348395621438698, 10.252676307355555, 0.0 ], [ 77.349057187435776, 10.252372661522132, 0.0 ], [ 77.349620801032003, 10.251053577969266, 0.0 ], [ 77.349970270253692, 10.249287725413575, 0.0 ], [ 77.350021241568001, 10.248001647199109, 0.0 ], [ 77.34949100034784, 10.247315559597087, 0.0 ], [ 77.348646595497073, 10.247417410767136, 0.0 ], [ 77.348049580972301, 10.247421955902089, 0.0 ], [ 77.346668466478633, 10.247598790918639, 0.0 ], [ 77.345800558348031, 10.247725001237209, 0.0 ], [ 77.344787020539073, 10.247780099052688, 0.0 ], [ 77.343821574116731, 10.247834624409748, 0.0 ], [ 77.342759942520445, 10.247890273055354, 0.0 ], [ 77.341676636185142, 10.248352338766969, 0.0 ], [ 77.341026232397809, 10.248548240839611, 0.0 ], [ 77.34032830379661, 10.248792337971166, 0.0 ], [ 77.339364010584944, 10.249038402075225, 0.0 ], [ 77.338328718313463, 10.249404648148454, 0.0 ], [ 77.337900227242159, 10.250217181575721, 0.0 ], [ 77.337733575386068, 10.250532720823715, 0.0 ], [ 77.337328120741262, 10.251205304789659, 0.0 ], [ 77.336705771263254, 10.251951028167262, 0.0 ], [ 77.33580645092853, 10.252692481945386, 0.0 ], [ 77.33541727788176, 10.252958457080442, 0.0 ], [ 77.334822329455648, 10.253659600751973, 0.0 ], [ 77.334838066717381, 10.25399664016413, 0.0 ], [ 77.334797461663783, 10.255049286388862, 0.0 ], [ 77.334803520416287, 10.255885715786107, 0.0 ], [ 77.335384728785982, 10.256145005043033, 0.0 ], [ 77.336947057644267, 10.256496925137034, 0.0 ], [ 77.337294594717221, 10.256523301538239, 0.0 ], [ 77.337385325249343, 10.257024914057547, 0.0 ], [ 77.337787031518687, 10.258485316348427, 0.0 ], [ 77.337909788692315, 10.259402625878213, 0.0 ], [ 77.338282929646851, 10.260877619432163, 0.0 ], [ 77.338744240591225, 10.260587240812406, 0.0 ], [ 77.339033788382466, 10.260571050197935, 0.0 ], [ 77.339439048407144, 10.260567746813591, 0.0 ], [ 77.339947858083406, 10.260779706258221, 0.0 ], [ 77.340325634942459, 10.2609199570205, 0.0 ], [ 77.34077705881198, 10.261232758646942, 0.0 ], [ 77.340892306262148, 10.261324279177211, 0.0 ], [ 77.341170152991438, 10.261545253297708, 0.0 ], [ 77.341751997280625, 10.261899777208027, 0.0 ], [ 77.342379913690436, 10.262540979210057, 0.0 ], [ 77.342601134579468, 10.263406414926569, 0.0 ], [ 77.342687157514789, 10.263370174897496, 0.0 ], [ 77.342025806824637, 10.263649202052088, 0.0 ], [ 77.341931185695429, 10.263959097104959, 0.0 ], [ 77.341360155585704, 10.26386281156069, 0.0 ], [ 77.340384989781469, 10.26376826305159, 0.0 ], [ 77.339195155659908, 10.264148737653821, 0.0 ], [ 77.338219807143304, 10.264576897166794, 0.0 ], [ 77.337506134608574, 10.26493391028237, 0.0 ], [ 77.336601831099841, 10.265385791192614, 0.0 ], [ 77.336031019595396, 10.265719126094989, 0.0 ], [ 77.334865115258665, 10.266433147629494, 0.0 ], [ 77.333890168981029, 10.26712293052074, 0.0 ], [ 77.332152871530184, 10.2681702433513, 0.0 ], [ 77.330724995442324, 10.269027057868938, 0.0 ], [ 77.329963933209882, 10.269668734869164, 0.0 ], [ 77.329464118895814, 10.269978164315546, 0.0 ], [ 77.329130939768632, 10.270264173101788, 0.0 ], [ 77.328941236229426, 10.270573085893142, 0.0 ], [ 77.328773753357723, 10.271025052037963, 0.0 ], [ 77.327704163659703, 10.270715968949775, 0.0 ], [ 77.326538191464437, 10.27047808245446, 0.0 ], [ 77.325920024358339, 10.270191846648403, 0.0 ], [ 77.325086862753778, 10.270001805225355, 0.0 ], [ 77.324944188929905, 10.268907223575095, 0.0 ], [ 77.325015254488804, 10.267479920570196, 0.0 ], [ 77.324992166290201, 10.266266756767648, 0.0 ], [ 77.324943889176765, 10.265386099572885, 0.0 ], [ 77.324825197761314, 10.264672202178648, 0.0 ], [ 77.324063969758043, 10.263578171820356, 0.0 ], [ 77.322802803286805, 10.261911800938154, 0.0 ], [ 77.321875050031068, 10.260533007413168, 0.0 ], [ 77.320733002080274, 10.259294830679924, 0.0 ], [ 77.31968610900266, 10.257748933413895, 0.0 ], [ 77.318544096228635, 10.256060265556423, 0.0 ], [ 77.317758906255051, 10.254846137927807, 0.0 ], [ 77.317496765899065, 10.254512750972053, 0.0 ], [ 77.315713059985541, 10.252181264099249, 0.0 ], [ 77.315118084705134, 10.251062751488394, 0.0 ], [ 77.313929059707974, 10.250230155103647, 0.0 ], [ 77.312667803142858, 10.249088076667581, 0.0 ], [ 77.311620944060962, 10.247803259661554, 0.0 ], [ 77.310811857506806, 10.246756867297247, 0.0 ], [ 77.310098064004322, 10.246137871647019, 0.0 ], [ 77.306934087123892, 10.245280739393138, 0.0 ], [ 77.304721109046937, 10.24459083251176, 0.0 ], [ 77.304126932252217, 10.244158194286666, 0.0 ], [ 77.303697756713106, 10.244776921971154, 0.0 ], [ 77.302794035383258, 10.2460620997175, 0.0 ], [ 77.301746749985639, 10.247680122817334, 0.0 ], [ 77.30079985574676, 10.249764784049152, 0.0 ], [ 77.300142927550908, 10.251050102639683, 0.0 ], [ 77.299714743971805, 10.251526020936092, 0.0 ], [ 77.299343799199463, 10.25216273014561, 0.0 ], [ 77.298887025549462, 10.253134197497916, 0.0 ], [ 77.297525890668012, 10.253163024287581, 0.0 ], [ 77.296498145305378, 10.253124753490106, 0.0 ], [ 77.295788875135358, 10.251235161478514, 0.0 ], [ 77.295339820027039, 10.249830881911581, 0.0 ], [ 77.294386956785047, 10.248149924286221, 0.0 ], [ 77.293815902062207, 10.245367199941574, 0.0 ], [ 77.293529792681824, 10.243296918347625, 0.0 ], [ 77.292994937962433, 10.241987737858745, 0.0 ], [ 77.292102880838726, 10.240203969462659, 0.0 ], [ 77.291329181089097, 10.238418776903638, 0.0 ], [ 77.290912976720051, 10.235979915333616, 0.0 ], [ 77.290020920623931, 10.233958109736085, 0.0 ], [ 77.28930689827645, 10.232470765274847, 0.0 ], [ 77.288325841675615, 10.231742260646028, 0.0 ], [ 77.287755010442865, 10.231836758253506, 0.0 ], [ 77.286708263217378, 10.232141772304137, 0.0 ], [ 77.28614675047379, 10.232455911692234, 0.0 ], [ 77.285334000264911, 10.232708756721903, 0.0 ], [ 77.284838233961935, 10.233234782097888, 0.0 ], [ 77.282150182779759, 10.23540590088612, 0.0 ], [ 77.282196903421166, 10.236499883480102, 0.0 ], [ 77.281387799955439, 10.236596081949969, 0.0 ], [ 77.280959972620209, 10.236358261125346, 0.0 ], [ 77.280198786802643, 10.235501100341967, 0.0 ], [ 77.278153006356391, 10.236358163393771, 0.0 ], [ 77.277915091863619, 10.234929886804736, 0.0 ], [ 77.276153761045649, 10.23488315275168, 0.0 ], [ 77.274107842932978, 10.23483496325291, 0.0 ], [ 77.271634198623175, 10.235120259024605, 0.0 ], [ 77.269539907312208, 10.237024154680654, 0.0 ], [ 77.269302165756287, 10.236310065398389, 0.0 ], [ 77.269063777477285, 10.234978052099306, 0.0 ], [ 77.268874128273879, 10.234406802501379, 0.0 ], [ 77.267447209042942, 10.234692075201878, 0.0 ], [ 77.264876873028001, 10.235168233882982, 0.0 ], [ 77.264877168284642, 10.233027254295738, 0.0 ], [ 77.264733976951035, 10.232313106466343, 0.0 ], [ 77.264163043439538, 10.231837222657312, 0.0 ], [ 77.262545928535246, 10.231314180178746, 0.0 ], [ 77.261212933030336, 10.23069519951131, 0.0 ], [ 77.259976101111789, 10.230361878583565, 0.0 ], [ 77.259738058082263, 10.232026807716474, 0.0 ], [ 77.25930987627217, 10.234169030584566, 0.0 ], [ 77.25921495504474, 10.235929168514383, 0.0 ], [ 77.259119983956822, 10.23707087146798, 0.0 ], [ 77.259120035805495, 10.238165993803847, 0.0 ], [ 77.258310983227204, 10.247397176549446, 0.0 ], [ 77.258024931815456, 10.25106103601091, 0.0 ], [ 77.257786755896902, 10.252203916954075, 0.0 ], [ 77.257834975256316, 10.254058838460791, 0.0 ], [ 77.257742844328163, 10.257039072854175, 0.0 ], [ 77.257267194268096, 10.259239846704741, 0.0 ], [ 77.258302141429425, 10.259893930936849, 0.0 ], [ 77.260859215198977, 10.261619061570578, 0.0 ], [ 77.262406088186751, 10.262629931398568, 0.0 ], [ 77.263197101240095, 10.263182762876914, 0.0 ], [ 77.264516021404873, 10.262523110974005, 0.0 ], [ 77.265187145366525, 10.262931757660182, 0.0 ], [ 77.265194409636081, 10.26294056018796, 0.0 ], [ 77.264572004144981, 10.262560822930439, 0.0 ], [ 77.26321809154787, 10.263185067187013, 0.0 ], [ 77.262383060803458, 10.264341835557859, 0.0 ], [ 77.259796095895169, 10.26775484148015, 0.0 ], [ 77.259689187045751, 10.267943896591984, 0.0 ], [ 77.258064218013402, 10.26999195033456, 0.0 ], [ 77.25555309563039, 10.273360940881407, 0.0 ], [ 77.254523097695994, 10.274639090222026, 0.0 ], [ 77.254173112511381, 10.275175855410234, 0.0 ], [ 77.251725734031837, 10.278222190217374, 0.0 ], [ 77.251478098504492, 10.27844988996039, 0.0 ], [ 77.251212171615848, 10.278945052041912, 0.0 ], [ 77.250886827843743, 10.279154104258923, 0.0 ], [ 77.250701121490124, 10.279578105006147, 0.0 ], [ 77.250316171260621, 10.280030232040026, 0.0 ], [ 77.250068736448199, 10.280600924184464, 0.0 ], [ 77.249403219384291, 10.281723768881832, 0.0 ], [ 77.248706884141114, 10.28251383347042, 0.0 ], [ 77.248349999685331, 10.283013986140256, 0.0 ], [ 77.247730242810164, 10.283696916109992, 0.0 ], [ 77.246814964134828, 10.28458507433073, 0.0 ], [ 77.246814808354856, 10.285429976556124, 0.0 ], [ 77.246485808681314, 10.28568224503274, 0.0 ], [ 77.246236748027897, 10.286505988873069, 0.0 ], [ 77.245458209057887, 10.287297051755177, 0.0 ], [ 77.245244788861854, 10.288263791699611, 0.0 ], [ 77.244923098832402, 10.289188923024911, 0.0 ], [ 77.243995046447353, 10.289832115936974, 0.0 ], [ 77.242875148680326, 10.290681858407236, 0.0 ], [ 77.242132114012961, 10.292395021708979, 0.0 ], [ 77.240987877630587, 10.293402872000069, 0.0 ], [ 77.240697881140676, 10.293983928294889, 0.0 ], [ 77.239933240815901, 10.29471391406571, 0.0 ], [ 77.239718883884507, 10.295500846254168, 0.0 ], [ 77.239755048333066, 10.296071953074577, 0.0 ], [ 77.240040198527694, 10.296678150556939, 0.0 ], [ 77.24029019420577, 10.2977128716501, 0.0 ], [ 77.240218942726671, 10.298534034884756, 0.0 ], [ 77.239183956754331, 10.29928387910881, 0.0 ], [ 77.237982139348063, 10.300219171438204, 0.0 ], [ 77.237401821165676, 10.300677069891341, 0.0 ], [ 77.236793185120305, 10.301710884609404, 0.0 ], [ 77.236506004892476, 10.302604026818894, 0.0 ], [ 77.236184800832916, 10.3037812569028, 0.0 ], [ 77.236220094048363, 10.304852168809868, 0.0 ], [ 77.236149230800137, 10.30585103209933, 0.0 ], [ 77.235959858164449, 10.306902119155559, 0.0 ], [ 77.235935183072186, 10.307387198328239, 0.0 ], [ 77.235186125324361, 10.308385828119619, 0.0 ], [ 77.234435996787667, 10.308672147548487, 0.0 ], [ 77.233544122739914, 10.308314753660797, 0.0 ], [ 77.232722874446594, 10.30799397089846, 0.0 ], [ 77.231937783807524, 10.308243785564889, 0.0 ], [ 77.231472972522468, 10.308957065488631, 0.0 ], [ 77.231436927594871, 10.30988486667238, 0.0 ], [ 77.231436769897016, 10.311169747373825, 0.0 ], [ 77.231543746247411, 10.312419160599863, 0.0 ], [ 77.23083102797402, 10.313491253217018, 0.0 ], [ 77.230010066541908, 10.31406202339541, 0.0 ], [ 77.229046878281054, 10.314430012125298, 0.0 ], [ 77.228332835575173, 10.315239830460763, 0.0 ], [ 77.228189872072406, 10.316417197593715, 0.0 ], [ 77.228261069471401, 10.31727423673304, 0.0 ], [ 77.228581738062658, 10.317774132275462, 0.0 ], [ 77.228440024048339, 10.318772808538231, 0.0 ], [ 77.228083190685155, 10.319629944700479, 0.0 ], [ 77.228654149598555, 10.320523027083468, 0.0 ], [ 77.229439040933755, 10.321308224391403, 0.0 ], [ 77.230009848801672, 10.32184273732036, 0.0 ], [ 77.23001015115824, 10.322450166460067, 0.0 ], [ 77.229723920654934, 10.323091871477812, 0.0 ], [ 77.229723902642817, 10.324056254380791, 0.0 ], [ 77.230153009739084, 10.325162940010124, 0.0 ], [ 77.229897842075133, 10.325623198265411, 0.0 ], [ 77.229580766107361, 10.32615523533291, 0.0 ], [ 77.228654185218758, 10.326983119580978, 0.0 ], [ 77.228761100462563, 10.32769689273046, 0.0 ], [ 77.22947522533984, 10.328340053718723, 0.0 ], [ 77.229903224631215, 10.329052824425343, 0.0 ], [ 77.229725170996332, 10.329660176266058, 0.0 ], [ 77.229795849702683, 10.330374881362626, 0.0 ], [ 77.230223838591272, 10.331088191403563, 0.0 ], [ 77.230687976737613, 10.332087971241595, 0.0 ], [ 77.231152016686252, 10.332980176045364, 0.0 ], [ 77.232294147897292, 10.333658021919598, 0.0 ], [ 77.233114803891453, 10.334301002681579, 0.0 ], [ 77.233720934956096, 10.334657953869733, 0.0 ], [ 77.2338641985788, 10.335337103457073, 0.0 ], [ 77.233756737742695, 10.335871912603032, 0.0 ], [ 77.233728824084011, 10.336751917019443, 0.0 ], [ 77.233793223570402, 10.337334769049914, 0.0 ], [ 77.234327886694345, 10.33758496199634, 0.0 ], [ 77.235006904066211, 10.337691737797249, 0.0 ], [ 77.235685237707756, 10.337691982043062, 0.0 ], [ 77.236399207853324, 10.337978144663039, 0.0 ], [ 77.236826905688687, 10.338226887073889, 0.0 ], [ 77.237041149601126, 10.338869884530665, 0.0 ], [ 77.236826925095542, 10.339618957149176, 0.0 ], [ 77.236612805382052, 10.340333246690577, 0.0 ], [ 77.236613249545869, 10.341333032961751, 0.0 ], [ 77.236613139492377, 10.342618073137645, 0.0 ], [ 77.236575955252306, 10.343864948362521, 0.0 ], [ 77.236557048683991, 10.345273007441483, 0.0 ], [ 77.236575770607459, 10.345959250746935, 0.0 ], [ 77.236461972233798, 10.346758806796711, 0.0 ], [ 77.236061973519625, 10.347692220242331, 0.0 ], [ 77.236023871342553, 10.348491105368957, 0.0 ], [ 77.235967073790846, 10.349061895301851, 0.0 ], [ 77.23581393930769, 10.34965193948196, 0.0 ], [ 77.235718920771035, 10.350566139814388, 0.0 ], [ 77.235795100743942, 10.35123184240053, 0.0 ], [ 77.236027925615147, 10.351711179718491, 0.0 ], [ 77.236284902089224, 10.352053236128992, 0.0 ], [ 77.236531167220321, 10.352329100029186, 0.0 ], [ 77.236340059873214, 10.352543216513979, 0.0 ], [ 77.236017113287986, 10.352644800103926, 0.0 ], [ 77.235006234887507, 10.352645195592618, 0.0 ], [ 77.234411103307082, 10.352406882552808, 0.0 ], [ 77.233666934838681, 10.352258844937076, 0.0 ], [ 77.233132175375687, 10.352436820850587, 0.0 ], [ 77.232239937350244, 10.352556247913192, 0.0 ], [ 77.23093110625426, 10.35300211264445, 0.0 ], [ 77.229801251966393, 10.352972255683875, 0.0 ], [ 77.229146990683688, 10.353151026929396, 0.0 ], [ 77.227600829783995, 10.353596930955174, 0.0 ], [ 77.226499838060533, 10.353923949515003, 0.0 ], [ 77.2252210224419, 10.354013232679593, 0.0 ], [ 77.223823990235275, 10.354192201970479, 0.0 ], [ 77.222544989438106, 10.354192070088919, 0.0 ], [ 77.221534172125416, 10.354221810486072, 0.0 ], [ 77.220790025965897, 10.354073169846789, 0.0 ], [ 77.21996892575973, 10.353882866914997, 0.0 ], [ 77.219737755097682, 10.354019077769122, 0.0 ], [ 77.218657016914747, 10.353723163334568, 0.0 ], [ 77.217229802007367, 10.353662871813034, 0.0 ], [ 77.216099067765654, 10.353485150507289, 0.0 ], [ 77.214850242315123, 10.353424946849991, 0.0 ], [ 77.213899072488957, 10.353543883328742, 0.0 ], [ 77.212650106546974, 10.353424779292276, 0.0 ], [ 77.211340924091047, 10.353485083206854, 0.0 ], [ 77.210271057624638, 10.353723104786511, 0.0 ], [ 77.209081254583396, 10.354257884620033, 0.0 ], [ 77.207475195107492, 10.354257841362237, 0.0 ], [ 77.206286116761049, 10.35407914613462, 0.0 ], [ 77.20539280438075, 10.354495965130926, 0.0 ], [ 77.204793041849555, 10.354299117827432, 0.0 ], [ 77.204343094823969, 10.355184762880054, 0.0 ], [ 77.204160085693445, 10.355476188579505, 0.0 ], [ 77.204004063392787, 10.355658799059924, 0.0 ], [ 77.203846843416457, 10.35729081780819, 0.0 ], [ 77.202836235194155, 10.358005017629157, 0.0 ], [ 77.201825113388296, 10.358183944144804, 0.0 ], [ 77.200813959733395, 10.358065263174767, 0.0 ], [ 77.199742906303626, 10.35770797308831, 0.0 ], [ 77.198970035287417, 10.357231744710413, 0.0 ], [ 77.197721030670436, 10.357113042537184, 0.0 ], [ 77.19688823697328, 10.356399271586891, 0.0 ], [ 77.196173909333851, 10.355448102452861, 0.0 ], [ 77.195817076753158, 10.354853169421656, 0.0 ], [ 77.194627927864161, 10.354912022148048, 0.0 ], [ 77.192725201620036, 10.35526896843456, 0.0 ], [ 77.190939992061601, 10.355744941261731, 0.0 ], [ 77.189394037202646, 10.355803997979868, 0.0 ], [ 77.187906749281467, 10.355745127244411, 0.0 ], [ 77.186717142562259, 10.355863846682734, 0.0 ], [ 77.185408906225319, 10.356459194287373, 0.0 ], [ 77.184160183775788, 10.357052799796811, 0.0 ], [ 77.183030105446505, 10.357231847241968, 0.0 ], [ 77.182197172585191, 10.357290884394526, 0.0 ], [ 77.18112621949102, 10.357589139749273, 0.0 ], [ 77.179757768511635, 10.357767044541523, 0.0 ], [ 77.178289228563358, 10.358291064260539, 0.0 ], [ 77.176990884205978, 10.358067202917908, 0.0 ], [ 77.176442043205412, 10.358071073349478, 0.0 ], [ 77.176597009433252, 10.358060805837541, 0.0 ], [ 77.177094753378569, 10.358033792204468, 0.0 ], [ 77.176679934720454, 10.358038996067076, 0.0 ], [ 77.175264888490432, 10.357157083156629, 0.0 ], [ 77.174312749156954, 10.356442874747312, 0.0 ], [ 77.17347977803378, 10.355800146617732, 0.0 ], [ 77.17276681371618, 10.355157740883016, 0.0 ], [ 77.172004847953744, 10.354681737321711, 0.0 ], [ 77.171077027128575, 10.354468258476823, 0.0 ], [ 77.16991196860576, 10.354158937697475, 0.0 ], [ 77.169030996041656, 10.353826070971833, 0.0 ], [ 77.168413049955674, 10.35346894839393, 0.0 ], [ 77.167888951164699, 10.353040077438456, 0.0 ], [ 77.166747174954139, 10.351778790831016, 0.0 ], [ 77.1658911821755, 10.350803932102794, 0.0 ], [ 77.165082088950868, 10.350113806666394, 0.0 ], [ 77.163940244719058, 10.349448226286388, 0.0 ], [ 77.163250194357857, 10.349020124591155, 0.0 ], [ 77.162036815336478, 10.348329083608006, 0.0 ], [ 77.160941953151166, 10.347354110223014, 0.0 ], [ 77.160251866430869, 10.346616096323348, 0.0 ], [ 77.160014039324665, 10.34611719705285, 0.0 ], [ 77.159110206618038, 10.345308215255324, 0.0 ], [ 77.157849095599175, 10.344498842761427, 0.0 ], [ 77.157230823644653, 10.343904030690849, 0.0 ], [ 77.155469996501509, 10.341857851756966, 0.0 ], [ 77.154423065444277, 10.340501800078213, 0.0 ], [ 77.153091259040679, 10.338835783546889, 0.0 ], [ 77.152305946770355, 10.33793180283357, 0.0 ], [ 77.150854833432135, 10.336838137140056, 0.0 ], [ 77.148974794110003, 10.335505044196383, 0.0 ], [ 77.147166829231764, 10.334649120423121, 0.0 ], [ 77.144168794994044, 10.333339908021648, 0.0 ], [ 77.142647030358262, 10.332912232731561, 0.0 ], [ 77.141624105195703, 10.33262574919209, 0.0 ], [ 77.140623992550857, 10.332150040500391, 0.0 ], [ 77.138982844311329, 10.331317916916573, 0.0 ], [ 77.137674096053402, 10.330532998703747, 0.0 ], [ 77.136889073323871, 10.330151857190165, 0.0 ], [ 77.136128186866543, 10.329652187760576, 0.0 ], [ 77.134818930448446, 10.328867229983612, 0.0 ], [ 77.133224977850318, 10.327939257000535, 0.0 ], [ 77.132155235806238, 10.327416156518995, 0.0 ], [ 77.131345938327726, 10.326988130499105, 0.0 ], [ 77.130679930816939, 10.3265120220005, 0.0 ], [ 77.129727874852264, 10.326179181441878, 0.0 ], [ 77.129181095291628, 10.325988125448793, 0.0 ], [ 77.128609771568506, 10.325726116687365, 0.0 ], [ 77.128086058862706, 10.325369937498991, 0.0 ], [ 77.127062896938497, 10.324179946799786, 0.0 ], [ 77.125969096443555, 10.322800217916948, 0.0 ], [ 77.124898041992338, 10.321728997511711, 0.0 ], [ 77.123495261008173, 10.320515815275392, 0.0 ], [ 77.122709012364567, 10.319755122522922, 0.0 ], [ 77.122043097807179, 10.318969119784258, 0.0 ], [ 77.121376955589554, 10.318375236804439, 0.0 ], [ 77.120901257938158, 10.317899201917776, 0.0 ], [ 77.120354247517355, 10.317685096244336, 0.0 ], [ 77.11985415906004, 10.317612814611163, 0.0 ], [ 77.119618963521248, 10.317553902522402, 0.0 ], [ 77.119092826689993, 10.317422925436508, 0.0 ], [ 77.118570030823392, 10.317350930382547, 0.0 ], [ 77.117950936887354, 10.31732807507319, 0.0 ], [ 77.117474923134637, 10.31723199342394, 0.0 ], [ 77.117046807181779, 10.31701821065181, 0.0 ], [ 77.116310112697107, 10.316803999471484, 0.0 ], [ 77.115477130852597, 10.316684949802429, 0.0 ], [ 77.114763130681141, 10.316470974981817, 0.0 ], [ 77.113573835742699, 10.316233175296256, 0.0 ], [ 77.112787906885742, 10.316067025773055, 0.0 ], [ 77.112027106377028, 10.315661978134441, 0.0 ], [ 77.111075260490267, 10.315496003901506, 0.0 ], [ 77.110266971097104, 10.315304989307375, 0.0 ], [ 77.109529118868494, 10.315185964576347, 0.0 ], [ 77.108814920527976, 10.315163010098264, 0.0 ], [ 77.108101143685502, 10.315020188026743, 0.0 ], [ 77.107363959198651, 10.315067078302221, 0.0 ], [ 77.106887854478856, 10.315020194257146, 0.0 ], [ 77.106198077455232, 10.315209994992724, 0.0 ], [ 77.105556045004619, 10.315733243072305, 0.0 ], [ 77.104913190795756, 10.315710048354829, 0.0 ], [ 77.104557137730353, 10.315614841333968, 0.0 ], [ 77.103889758267343, 10.31530501530837, 0.0 ], [ 77.103271825111023, 10.31523397031777, 0.0 ], [ 77.102486807643302, 10.315257781653786, 0.0 ], [ 77.101702076156698, 10.315258050902141, 0.0 ], [ 77.101177870737104, 10.314734257804655, 0.0 ], [ 77.100892822307884, 10.314187126974192, 0.0 ], [ 77.100749874978689, 10.313687170214362, 0.0 ], [ 77.100274186394529, 10.313520935538374, 0.0 ], [ 77.099345870411483, 10.313378170999373, 0.0 ], [ 77.098846773373168, 10.313139947573257, 0.0 ], [ 77.098514075334933, 10.312688038332466, 0.0 ], [ 77.098252107998633, 10.312068918887364, 0.0 ], [ 77.098084912732034, 10.311475008687138, 0.0 ], [ 77.09801391462355, 10.310927228464022, 0.0 ], [ 77.097633075773061, 10.310522896598249, 0.0 ], [ 77.097275901764533, 10.310214103906967, 0.0 ], [ 77.097180745886178, 10.309784834209387, 0.0 ], [ 77.097085840028001, 10.309333097004734, 0.0 ], [ 77.096848180493623, 10.308975978897941, 0.0 ], [ 77.09653905423265, 10.308714866267868, 0.0 ], [ 77.096038757698452, 10.308618947753555, 0.0 ], [ 77.095564014218098, 10.308856778218209, 0.0 ], [ 77.09518285249905, 10.309476193855938, 0.0 ], [ 77.094826087198598, 10.310047216532954, 0.0 ], [ 77.094540086278101, 10.310403939079073, 0.0 ], [ 77.094040773460804, 10.310617906930643, 0.0 ], [ 77.093588942040157, 10.311141231256709, 0.0 ], [ 77.093065006774637, 10.311594101489527, 0.0 ], [ 77.092664251818519, 10.31178684846139, 0.0 ], [ 77.092651103497317, 10.311807266293508, 0.0 ], [ 77.091781976469235, 10.312824063471306, 0.0 ], [ 77.091556217944969, 10.31341887350059, 0.0 ], [ 77.091317738647746, 10.313929758798858, 0.0 ], [ 77.091079838174863, 10.314332024717363, 0.0 ], [ 77.090444879508837, 10.313931205412247, 0.0 ], [ 77.088627099348841, 10.312205135031567, 0.0 ], [ 77.088978953596509, 10.310562014914121, 0.0 ], [ 77.087454119974751, 10.30903604819642, 0.0 ], [ 77.084872062396741, 10.3073932655916, 0.0 ], [ 77.082407138024493, 10.305280882699515, 0.0 ], [ 77.079121231453115, 10.302699104130616, 0.0 ], [ 77.076304175455675, 10.300937828164441, 0.0 ], [ 77.073956914421743, 10.299647116297464, 0.0 ], [ 77.06621113534527, 10.29788716631848, 0.0 ], [ 77.06362878057466, 10.294601176378979, 0.0 ], [ 77.062572912662404, 10.291196943182504, 0.0 ], [ 77.059522140963125, 10.290493254538861, 0.0 ], [ 77.058935043427397, 10.289906159205914, 0.0 ], [ 77.058263654405764, 10.288411391331085, 0.0 ], [ 77.058015383451647, 10.287944190535626, 0.0 ], [ 77.057401477092398, 10.287384452384542, 0.0 ], [ 77.056543813796381, 10.287149723482473, 0.0 ], [ 77.055966019575905, 10.287601125217218, 0.0 ], [ 77.05524377680031, 10.287194863655948, 0.0 ], [ 77.054250692983871, 10.286987218857965, 0.0 ], [ 77.05292357188371, 10.285939966833356, 0.0 ], [ 77.051149563066161, 10.285256093205215, 0.0 ], [ 77.050499544568126, 10.285319289448079, 0.0 ], [ 77.049380068265961, 10.285274149274604, 0.0 ], [ 77.048495320865868, 10.284985252164368, 0.0 ], [ 77.047339732424916, 10.284949140025589, 0.0 ], [ 77.046464013059506, 10.284542878464316, 0.0 ], [ 77.044281485672016, 10.283913173044347, 0.0 ], [ 77.043550214861725, 10.283732612350448, 0.0 ], [ 77.043387710237212, 10.283218014372839, 0.0 ], [ 77.043378682202516, 10.282549939805415, 0.0 ], [ 77.04417314925567, 10.282405491250296, 0.0 ], [ 77.045513812407862, 10.281829954038495, 0.0 ], [ 77.045992298246702, 10.2812882719568, 0.0 ], [ 77.046452728016135, 10.280547973111817, 0.0 ], [ 77.047463867901968, 10.280096571377072, 0.0 ], [ 77.048411811544938, 10.279807674266834, 0.0 ], [ 77.048736820793948, 10.279040291317767, 0.0 ], [ 77.049574771776847, 10.27852785302731, 0.0 ], [ 77.050165507284419, 10.27736559088186, 0.0 ], [ 77.050465796841124, 10.276150919764968, 0.0 ], [ 77.050987058441663, 10.275128895286198, 0.0 ], [ 77.051510684453959, 10.274104213348322, 0.0 ], [ 77.052169730986691, 10.273833372307475, 0.0 ], [ 77.05228709543772, 10.273309746295169, 0.0 ], [ 77.051637076939684, 10.272813204386949, 0.0 ], [ 77.051628048905002, 10.272289578374645, 0.0 ], [ 77.051763469425424, 10.271955541090932, 0.0 ], [ 77.052413487923445, 10.271684700050086, 0.0 ], [ 77.052359319715279, 10.271233298315341, 0.0 ], [ 77.051619020870291, 10.269653392243731, 0.0 ], [ 77.050752329539577, 10.268078000189467, 0.0 ], [ 77.050851637921227, 10.267518262038383, 0.0 ], [ 77.051330123760053, 10.266362673597435, 0.0 ], [ 77.051655133009078, 10.265523066370807, 0.0 ], [ 77.051530997532012, 10.264516440502325, 0.0 ], [ 77.050788441678364, 10.262216548663796, 0.0 ], [ 77.049641881272109, 10.261295689124914, 0.0 ], [ 77.048021349044376, 10.259982110076804, 0.0 ], [ 77.047055349332012, 10.259413343891024, 0.0 ], [ 77.045827536613501, 10.258068166721483, 0.0 ], [ 77.044793826640941, 10.257212760434138, 0.0 ], [ 77.043231976638722, 10.256987059566766, 0.0 ], [ 77.042428481550871, 10.256156480374834, 0.0 ], [ 77.042209551709519, 10.25463525652874, 0.0 ], [ 77.041676897662526, 10.25367828485108, 0.0 ], [ 77.040521309221575, 10.252811593520368, 0.0 ], [ 77.039880318758236, 10.252865761728538, 0.0 ], [ 77.038634449970331, 10.253127574734689, 0.0 ], [ 77.037627824101833, 10.252856733693839, 0.0 ], [ 77.036341329157807, 10.252066780658032, 0.0 ], [ 77.03498712395357, 10.251759827478404, 0.0 ], [ 77.033380133777868, 10.251886219964133, 0.0 ], [ 77.031412022214369, 10.251344537882437, 0.0 ], [ 77.030364770189763, 10.251037584702809, 0.0 ], [ 77.029168041224693, 10.2506737939903, 0.0 ], [ 77.027575107469019, 10.249687893515917, 0.0 ], [ 77.026022285501497, 10.249868454209816, 0.0 ], [ 77.024740304574806, 10.249579557099578, 0.0 ], [ 77.023530547925688, 10.248496192936184, 0.0 ], [ 77.022699968733761, 10.248442024728014, 0.0 ], [ 77.021255483182571, 10.247719781952419, 0.0 ], [ 77.01990127797832, 10.247485053050351, 0.0 ], [ 77.018619297051643, 10.246690585997197, 0.0 ], [ 77.016960395676406, 10.245457506925119, 0.0 ], [ 77.014784639314925, 10.245917936694561, 0.0 ], [ 77.014369349718962, 10.245845712417001, 0.0 ], [ 77.014123335773519, 10.245360455552149, 0.0 ], [ 77.012937021835867, 10.243106069390279, 0.0 ], [ 77.011965635481431, 10.242372176068125, 0.0 ], [ 77.011764761709458, 10.241320410026166, 0.0 ], [ 77.011205023558375, 10.24006551320357, 0.0 ], [ 77.010275135984799, 10.239903008579061, 0.0 ], [ 77.009074407370363, 10.240182877654604, 0.0 ], [ 77.008379248698859, 10.239984260891315, 0.0 ], [ 77.007787912426323, 10.239264275124395, 0.0 ], [ 77.006695520228234, 10.239210106916225, 0.0 ], [ 77.005819800862824, 10.238713565008004, 0.0 ], [ 77.005068216974479, 10.238065803518644, 0.0 ], [ 77.004246665817234, 10.236413673169471, 0.0 ], [ 77.004172184530987, 10.234953388557564, 0.0 ], [ 77.003467997824785, 10.234492958788122, 0.0 ], [ 77.002619362563451, 10.234321426128918, 0.0 ], [ 77.00226726921035, 10.234583239135072, 0.0 ], [ 77.001599194642935, 10.235449930465785, 0.0 ], [ 77.001021400422459, 10.235197145494327, 0.0 ], [ 77.001075568630625, 10.23474574375958, 0.0 ], [ 77.000867923832644, 10.234023500983985, 0.0 ], [ 77.00024423710245, 10.233510407678816, 0.0 ], [ 76.999624312053385, 10.233010856425697, 0.0 ], [ 76.99958218122481, 10.232655753727697, 0.0 ], [ 76.999756723228913, 10.232156202474576, 0.0 ], [ 76.999648386812581, 10.23159646432349, 0.0 ], [ 76.999335414943147, 10.230765885131555, 0.0 ], [ 76.998781695481867, 10.23045291326213, 0.0 ], [ 76.998243022745072, 10.230272352568232, 0.0 ], [ 76.997857826598079, 10.230531156229487, 0.0 ], [ 76.996533714842826, 10.231247380315285, 0.0 ], [ 76.995727210410081, 10.23111496913976, 0.0 ], [ 76.995063649860001, 10.230731277665225, 0.0 ], [ 76.994275201496635, 10.230550716971326, 0.0 ], [ 76.993300173749589, 10.23063497862848, 0.0 ], [ 76.993131650435288, 10.230430343175394, 0.0 ], [ 76.992836734635247, 10.229792362056951, 0.0 ], [ 76.992437996436223, 10.229055072556866, 0.0 ], [ 76.99219123015456, 10.228838399724188, 0.0 ], [ 76.991890295664732, 10.228934698760934, 0.0 ], [ 76.991468987378965, 10.228910624001747, 0.0 ], [ 76.990758781982962, 10.228507371785373, 0.0 ], [ 76.990644426876827, 10.228025876601643, 0.0 ], [ 76.99089119315849, 10.227029783440301, 0.0 ], [ 76.990927305297262, 10.226283465905519, 0.0 ], [ 76.990812950191128, 10.225880213689146, 0.0 ], [ 76.990096726105335, 10.225645484787078, 0.0 ], [ 76.989426926949974, 10.225285848056327, 0.0 ], [ 76.988005231401004, 10.224348457135909, 0.0 ], [ 76.986991843707202, 10.223610004997758, 0.0 ], [ 76.986527643055936, 10.2233809527511, 0.0 ], [ 76.985895680627294, 10.223254560265371, 0.0 ], [ 76.984375961453637, 10.222997261276566, 0.0 ], [ 76.98361681468171, 10.222090890886363, 0.0 ], [ 76.983460265605416, 10.22063180020513, 0.0 ], [ 76.982768971277949, 10.220355056455848, 0.0 ], [ 76.982152759070843, 10.220555166423765, 0.0 ], [ 76.981678780058516, 10.221435418152382, 0.0 ], [ 76.981107812894081, 10.223031868742895, 0.0 ], [ 76.980782803645056, 10.223495307857236, 0.0 ], [ 76.98039610282558, 10.22413780299302, 0.0 ], [ 76.980137299164326, 10.224306326307326, 0.0 ], [ 76.979661822670394, 10.224264195478749, 0.0 ], [ 76.978578458507002, 10.223939186229732, 0.0 ], [ 76.978071383891631, 10.224059560025664, 0.0 ], [ 76.977664801638042, 10.224329969454205, 0.0 ], [ 76.976885702001695, 10.225287372744175, 0.0 ], [ 76.976295870401628, 10.225353578331939, 0.0 ], [ 76.975600711730124, 10.225243737243151, 0.0 ], [ 76.974854394195347, 10.225448372696237, 0.0 ], [ 76.974192338317707, 10.225568746492169, 0.0 ], [ 76.973432478730885, 10.225591316578907, 0.0 ], [ 76.972824591061425, 10.225946419276907, 0.0 ], [ 76.972601899538958, 10.226831166677011, 0.0 ], [ 76.97271023595529, 10.22731266186074, 0.0 ], [ 76.972377703344023, 10.228555521303743, 0.0 ], [ 76.971697591397017, 10.229301838838524, 0.0 ], [ 76.970836918756092, 10.229951857336559, 0.0 ], [ 76.969572993898808, 10.230318997414154, 0.0 ], [ 76.968442984889492, 10.231002118706067, 0.0 ], [ 76.967510087971007, 10.2313030531959, 0.0 ], [ 76.966553116293341, 10.231044249534644, 0.0 ], [ 76.965101123186159, 10.231010814830679, 0.0 ], [ 76.964479677658403, 10.231291015816305, 0.0 ], [ 76.963811603090988, 10.23164009982451, 0.0 ], [ 76.963047229486818, 10.23206742680007, 0.0 ], [ 76.962395851602096, 10.232559091267458, 0.0 ], [ 76.961956341961169, 10.233021389132837, 0.0 ], [ 76.961471884359582, 10.233211173735725, 0.0 ], [ 76.960728529242658, 10.233593164663516, 0.0 ], [ 76.96004239860585, 10.233851968324771, 0.0 ], [ 76.959187744654727, 10.234176977573789, 0.0 ], [ 76.958372212187285, 10.234225127092161, 0.0 ], [ 76.957162455538167, 10.234195033643179, 0.0 ], [ 76.956515446385026, 10.234237164471754, 0.0 ], [ 76.955704793785756, 10.234300901512391, 0.0 ], [ 76.954842135210626, 10.233659835704586, 0.0 ], [ 76.953968035928597, 10.232577510760336, 0.0 ], [ 76.953396260397923, 10.232264538890911, 0.0 ], [ 76.952800410108054, 10.232180277233759, 0.0 ], [ 76.952017980434491, 10.232270557580708, 0.0 ], [ 76.950576504228209, 10.232521837879716, 0.0 ], [ 76.95034779401594, 10.232846847128734, 0.0 ], [ 76.949854261452614, 10.233045463892022, 0.0 ], [ 76.94905979439946, 10.233304267553278, 0.0 ], [ 76.948280950946597, 10.234107951977132, 0.0 ], [ 76.948072729272809, 10.234784865243247, 0.0 ], [ 76.94800050499525, 10.235750864955605, 0.0 ], [ 76.94761530884827, 10.236719874012861, 0.0 ], [ 76.947397131343138, 10.237037359899633, 0.0 ], [ 76.946234927923044, 10.236775104237408, 0.0 ], [ 76.945658872168281, 10.236886244730645, 0.0 ], [ 76.94471580503874, 10.236670219822038, 0.0 ], [ 76.943318224546431, 10.23733697919312, 0.0 ], [ 76.940614067942349, 10.238672938851863, 0.0 ], [ 76.939645058885091, 10.23912434058661, 0.0 ], [ 76.938507526513519, 10.239184527484577, 0.0 ], [ 76.937725096839969, 10.238534508986541, 0.0 ], [ 76.936363368273476, 10.237550453204795, 0.0 ], [ 76.934741331373289, 10.236552855371004, 0.0 ], [ 76.933784359695622, 10.235987098530121, 0.0 ], [ 76.933344112213618, 10.236102855094078, 0.0 ], [ 76.932911649675106, 10.236769528203682, 0.0 ], [ 76.932526453528126, 10.236913976758801, 0.0 ], [ 76.932144266726041, 10.236637117028156, 0.0 ], [ 76.930169080859955, 10.235255086231774, 0.0 ], [ 76.928478884639915, 10.234398164423814, 0.0 ], [ 76.92722097847242, 10.233943753344171, 0.0 ], [ 76.926161689068209, 10.233221510568576, 0.0 ], [ 76.925571857468142, 10.233065024633865, 0.0 ], [ 76.924011022508395, 10.232754030282035, 0.0 ], [ 76.921704849273809, 10.232415006135829, 0.0 ], [ 76.920320550620588, 10.23271594062566, 0.0 ], [ 76.918851990310202, 10.232872426560371, 0.0 ], [ 76.916901934816096, 10.233570594576781, 0.0 ], [ 76.914395150515801, 10.234467379356476, 0.0 ], [ 76.913275674213637, 10.234575715772815, 0.0 ], [ 76.912132123152276, 10.235021098817764, 0.0 ], [ 76.91008275927652, 10.236390350746497, 0.0 ], [ 76.909709600509132, 10.236871845930226, 0.0 ], [ 76.9097697874071, 10.237642238224193, 0.0 ], [ 76.910022572378566, 10.238641340730434, 0.0 ], [ 76.909652178451751, 10.239476974085786, 0.0 ], [ 76.908671376519223, 10.240576349500046, 0.0 ], [ 76.90766023663339, 10.241154143720522, 0.0 ], [ 76.906535061922696, 10.241231030475879, 0.0 ], [ 76.904867564567752, 10.24033560190818, 0.0 ], [ 76.90309292275424, 10.240331871358766, 0.0 ], [ 76.903822835739021, 10.241925174715149, 0.0 ], [ 76.904640123854179, 10.244957151880195, 0.0 ], [ 76.905132386918794, 10.247196908276331, 0.0 ], [ 76.905192573816748, 10.247705487564142, 0.0 ], [ 76.905385171890231, 10.24794021646621, 0.0 ], [ 76.904879601947314, 10.248933300282653, 0.0 ], [ 76.904711078633014, 10.249270346911265, 0.0 ], [ 76.904735153392195, 10.249685636507232, 0.0 ], [ 76.904632835665666, 10.250281486797098, 0.0 ], [ 76.904420676850322, 10.250844234293083, 0.0 ], [ 76.903866957389042, 10.251283598648236, 0.0 ], [ 76.903337312686929, 10.251512308860509, 0.0 ], [ 76.902891929641982, 10.251584533138068, 0.0 ], [ 76.902136161044979, 10.251420786688881, 0.0 ], [ 76.901426183826914, 10.251305974666714, 0.0 ], [ 76.900627841990783, 10.253549240664034, 0.0 ], [ 76.899276751341205, 10.258240140364739, 0.0 ], [ 76.898881096458169, 10.25909734759337, 0.0 ], [ 76.898231831917826, 10.2607882215299, 0.0 ], [ 76.897843278164004, 10.26134577190637, 0.0 ], [ 76.897454298342637, 10.26203724687536, 0.0 ], [ 76.896898232691697, 10.26215258352571, 0.0 ], [ 76.896534684919942, 10.26234549990814, 0.0 ], [ 76.896360179302803, 10.262536720292699, 0.0 ], [ 76.895899912280967, 10.26235429492807, 0.0 ], [ 76.895343690585136, 10.26242387385552, 0.0 ], [ 76.894942727539359, 10.262297881706701, 0.0 ], [ 76.894011365145118, 10.261759700058491, 0.0 ], [ 76.892356557822751, 10.261464499357251, 0.0 ], [ 76.89203039309848, 10.261729419818071, 0.0 ], [ 76.891424193800162, 10.26253449440188, 0.0 ], [ 76.890905282583219, 10.263094306159701, 0.0 ], [ 76.890352449438126, 10.263791834884479, 0.0 ], [ 76.890261461398381, 10.264079513089779, 0.0 ], [ 76.889500007288689, 10.26508718688117, 0.0 ], [ 76.888755936762777, 10.2660102704256, 0.0 ], [ 76.887529400417392, 10.267451753641121, 0.0 ], [ 76.887171400277097, 10.267828048047191, 0.0 ], [ 76.885942989831435, 10.26908193622484, 0.0 ], [ 76.884961564349396, 10.26981349161818, 0.0 ], [ 76.884236905051836, 10.270604193460031, 0.0 ], [ 76.882949408768113, 10.271592545350931, 0.0 ], [ 76.881286676643555, 10.27237026203556, 0.0 ], [ 76.880267126217063, 10.27292934128978, 0.0 ], [ 76.877879761953892, 10.273690134612329, 0.0 ], [ 76.875351742028471, 10.274996241627662, 0.0 ], [ 76.87421312565526, 10.275735942420289, 0.0 ], [ 76.873042858722911, 10.276660182938109, 0.0 ], [ 76.873049846099903, 10.277807739701833, 0.0 ], [ 76.872988130966405, 10.279530762672861, 0.0 ], [ 76.873140802327342, 10.281036771535019, 0.0 ], [ 76.873154825388028, 10.283404175138257, 0.0 ], [ 76.873268177395801, 10.284171902800599, 0.0 ], [ 76.873552239470584, 10.286102226576281, 0.0 ], [ 76.873776182162274, 10.287213230009414, 0.0 ], [ 76.874037820935655, 10.2887542496658, 0.0 ], [ 76.874159164855328, 10.290833935216668, 0.0 ], [ 76.874492119944819, 10.292052171997826, 0.0 ], [ 76.874500095729957, 10.293379111487065, 0.0 ], [ 76.874326965006745, 10.294708092954037, 0.0 ], [ 76.874097458811363, 10.296012885087169, 0.0 ], [ 76.873797861808157, 10.297011541764537, 0.0 ], [ 76.873403988486928, 10.297941998374496, 0.0 ], [ 76.873384132613253, 10.298766324211911, 0.0 ], [ 76.872611957003798, 10.299111395760255, 0.0 ], [ 76.872130461820078, 10.299172028487094, 0.0 ], [ 76.871217404286483, 10.299268327523841, 0.0 ], [ 76.870364979479731, 10.299204128166011, 0.0 ], [ 76.869957491889053, 10.299080187739087, 0.0 ], [ 76.869386830930551, 10.298859056617669, 0.0 ], [ 76.869076534034377, 10.298438194160779, 0.0 ], [ 76.869208499381031, 10.29820992977738, 0.0 ], [ 76.869368997775595, 10.297974532132001, 0.0 ], [ 76.869511663015231, 10.297612519086455, 0.0 ], [ 76.869668594778815, 10.296941992460223, 0.0 ], [ 76.869475996705319, 10.2966851950289, 0.0 ], [ 76.868998068152578, 10.296713728076824, 0.0 ], [ 76.868427407194076, 10.296620995671068, 0.0 ], [ 76.868042211047097, 10.296442664121539, 0.0 ], [ 76.867657014900118, 10.295779270757286, 0.0 ], [ 76.867378817682848, 10.295658005303606, 0.0 ], [ 76.866929422178032, 10.295757870971343, 0.0 ], [ 76.866208962717934, 10.295929069258891, 0.0 ], [ 76.865199606147584, 10.295966518884294, 0.0 ], [ 76.864168849791312, 10.295706154821978, 0.0 ], [ 76.863273625412674, 10.295035628195746, 0.0 ], [ 76.863091727232145, 10.294623682316333, 0.0 ], [ 76.863220125947805, 10.294181420073498, 0.0 ], [ 76.863426990545264, 10.293528726602219, 0.0 ], [ 76.863296808514107, 10.293084681043888, 0.0 ], [ 76.862840279747303, 10.292656685325015, 0.0 ], [ 76.86229815183674, 10.292210856451192, 0.0 ], [ 76.861706091092302, 10.292075324473549, 0.0 ], [ 76.860793033558707, 10.292036091532651, 0.0 ], [ 76.860069007467615, 10.291996858591755, 0.0 ], [ 76.859567023341739, 10.292102123634878, 0.0 ], [ 76.858910744053418, 10.292505995165664, 0.0 ], [ 76.858639680098136, 10.292705726501136, 0.0 ], [ 76.858468481810576, 10.292916157729582, 0.0 ], [ 76.858429248869683, 10.293219321363784, 0.0 ], [ 76.858511281382462, 10.293518918366994, 0.0 ], [ 76.858485423307783, 10.293843481787139, 0.0 ], [ 76.858242892400426, 10.294057479646574, 0.0 ], [ 76.857935270477483, 10.294110979111434, 0.0 ], [ 76.857703439463094, 10.294046779753602, 0.0 ], [ 76.857275443744228, 10.293700816547513, 0.0 ], [ 76.857050745991813, 10.293643750451665, 0.0 ], [ 76.856480085033326, 10.29385061504912, 0.0 ], [ 76.856226854232986, 10.293843481787139, 0.0 ], [ 76.855677593060435, 10.293501085212041, 0.0 ], [ 76.854862617879093, 10.292981248745161, 0.0 ], [ 76.854563912533621, 10.292596052598176, 0.0 ], [ 76.854417680663005, 10.292542553133318, 0.0 ], [ 76.854259857241672, 10.292653118694025, 0.0 ], [ 76.853767662164969, 10.292588919336195, 0.0 ], [ 76.853388707622216, 10.292087807682016, 0.0 ], [ 76.853024911261173, 10.29116405025545, 0.0 ], [ 76.8524453337252, 10.290601414216683, 0.0 ], [ 76.852199236186848, 10.290540781489844, 0.0 ], [ 76.85188537265968, 10.290672746836496, 0.0 ], [ 76.851332544856135, 10.290815412076119, 0.0 ], [ 76.850954481971129, 10.290551481382815, 0.0 ], [ 76.851082880686803, 10.289843505131181, 0.0 ], [ 76.850947348709155, 10.288966113907493, 0.0 ], [ 76.850908115768263, 10.288636200540862, 0.0 ], [ 76.850890282613307, 10.288229604607935, 0.0 ], [ 76.851168479830577, 10.287869374877884, 0.0 ], [ 76.851671374800247, 10.287523411671796, 0.0 ], [ 76.851907664103379, 10.287254131032006, 0.0 ], [ 76.852253627309466, 10.286847535099076, 0.0 ], [ 76.852364192870169, 10.286388331359037, 0.0 ], [ 76.852189427951629, 10.285575139493179, 0.0 ], [ 76.852039629450019, 10.285189943346195, 0.0 ], [ 76.851795315227164, 10.284947412438834, 0.0 ], [ 76.851442218759104, 10.284876079819023, 0.0 ], [ 76.851228842323536, 10.284974099476907, 0.0 ], [ 76.85060049384532, 10.285482407087425, 0.0 ], [ 76.850415029033812, 10.285603672541106, 0.0 ], [ 76.850033399517812, 10.285653605374973, 0.0 ], [ 76.849774818770996, 10.285503806873368, 0.0 ], [ 76.849468088505802, 10.285332608585819, 0.0 ], [ 76.84902225963198, 10.285111477464403, 0.0 ], [ 76.848647763377969, 10.285118610726384, 0.0 ], [ 76.848419498994573, 10.285286242382941, 0.0 ], [ 76.848370925750586, 10.285528821245881, 0.0 ], [ 76.848308933433856, 10.28569997157785, 0.0 ], [ 76.848358866267731, 10.285971035533137, 0.0 ], [ 76.848490869339074, 10.28636317689392, 0.0 ], [ 76.848726229259753, 10.286573796170547, 0.0 ], [ 76.848879594392358, 10.286848426756825, 0.0 ], [ 76.84882163663876, 10.28707758279797, 0.0 ], [ 76.84867183813715, 10.287345080122265, 0.0 ], [ 76.848346185856755, 10.287573790788121, 0.0 ], [ 76.847530516220161, 10.287823008675005, 0.0 ], [ 76.847170286490112, 10.288022740010479, 0.0 ], [ 76.846742290771232, 10.288240304500906, 0.0 ], [ 76.846289328635436, 10.288279537441802, 0.0 ], [ 76.845832799868631, 10.28826170428685, 0.0 ], [ 76.8450891573071, 10.288471243857547, 0.0 ], [ 76.844682561374171, 10.288806507170664, 0.0 ], [ 76.844575562444447, 10.289213103103592, 0.0 ], [ 76.844343731430058, 10.289288002354395, 0.0 ], [ 76.84405483431982, 10.289088271018921, 0.0 ], [ 76.843331699886491, 10.289037892356186, 0.0 ], [ 76.843007136466355, 10.289294689787509, 0.0 ], [ 76.842390109304986, 10.290050815557514, 0.0 ], [ 76.842050462966398, 10.29072267642257, 0.0 ], [ 76.842087075731556, 10.29106402312067, 0.0 ], [ 76.8420441460989, 10.291476576296006, 0.0 ], [ 76.841976380110069, 10.291840372657047, 0.0 ], [ 76.841993979751948, 10.292239120662504, 0.0 ], [ 76.84224387743437, 10.292958511472602, 0.0 ], [ 76.842561307592533, 10.293186775855999, 0.0 ], [ 76.84267543978423, 10.293211742272934, 0.0 ], [ 76.84280027186891, 10.293236708689868, 0.0 ], [ 76.843292466945613, 10.293354407512558, 0.0 ], [ 76.844395275308884, 10.293910810096538, 0.0 ], [ 76.844988399981631, 10.294463629750634, 0.0 ], [ 76.845230930888988, 10.294884492207526, 0.0 ], [ 76.845138198483241, 10.295362420760267, 0.0 ], [ 76.844703069502387, 10.295704817335363, 0.0 ], [ 76.843577956803841, 10.296606775909963, 0.0 ], [ 76.842063873381889, 10.298049809786425, 0.0 ], [ 76.841308847235553, 10.298986804753683, 0.0 ], [ 76.840698008803628, 10.29978025175139, 0.0 ], [ 76.840082985924184, 10.299927053415825, 0.0 ], [ 76.83946823606216, 10.300110254469359, 0.0 ], [ 76.839101944104101, 10.300808212790518, 0.0 ], [ 76.838164987102658, 10.301695250511726, 0.0 ], [ 76.836718814708689, 10.302132977124975, 0.0 ], [ 76.835273159892523, 10.302644028924771, 0.0 ], [ 76.833464212446302, 10.303085140068072, 0.0 ], [ 76.832231783162769, 10.303091738404232, 0.0 ], [ 76.830445462117467, 10.303501472680811, 0.0 ], [ 76.830045999446526, 10.304086400163269, 0.0 ], [ 76.830060265970488, 10.304813992885352, 0.0 ], [ 76.829833879863642, 10.306371982651385, 0.0 ], [ 76.829321973355462, 10.307572781956582, 0.0 ], [ 76.828712079456068, 10.307877728906277, 0.0 ], [ 76.829049126084684, 10.308371707298475, 0.0 ], [ 76.829009669746895, 10.308420260757501, 0.0 ], [ 76.828926040894004, 10.308499584710001, 0.0 ], [ 76.828969703672996, 10.3086478599981, 0.0 ], [ 76.8292013198121, 10.308613233189501, 0.0 ], [ 76.829630598884606, 10.308782520999401, 0.0 ], [ 76.829733274226996, 10.3087356261015, 0.0 ], [ 76.829978265080499, 10.309010170374499, 0.0 ], [ 76.830301309218498, 10.309475496379701, 0.0 ], [ 76.830520529208201, 10.3098181980764, 0.0 ], [ 76.830645339864006, 10.3099654955986, 0.0 ], [ 76.830803944060605, 10.310310424109399, 0.0 ], [ 76.830762891005094, 10.3106922661098, 0.0 ], [ 76.830798113327702, 10.3110267919431, 0.0 ], [ 76.830722761325603, 10.311165997414999, 0.0 ], [ 76.830713180490406, 10.3113154027021, 0.0 ], [ 76.830681824655301, 10.3114748344407, 0.0 ], [ 76.830616964069506, 10.311506741083001, 0.0 ], [ 76.830628700682894, 10.3116125830021, 0.0 ], [ 76.830651747790498, 10.311770668124, 0.0 ], [ 76.830663628135994, 10.3118966297518, 0.0 ], [ 76.830675810303305, 10.312063880032801, 0.0 ], [ 76.830665865554707, 10.312119595578199, 0.0 ], [ 76.830688691054704, 10.3123236396163, 0.0 ], [ 76.830716136592002, 10.3124583836487, 0.0 ], [ 76.830728914568397, 10.3125945107532, 0.0 ], [ 76.8307358263298, 10.312746580760701, 0.0 ], [ 76.830713255182005, 10.3128811920743, 0.0 ], [ 76.830679768213599, 10.313050213536, 0.0 ], [ 76.830659111190002, 10.3131969227637, 0.0 ], [ 76.830660506838797, 10.313342366803299, 0.0 ], [ 76.830640042151998, 10.313487766417699, 0.0 ], [ 76.830630222413802, 10.313612245182, 0.0 ], [ 76.830631311323501, 10.313736144357501, 0.0 ], [ 76.830654557936796, 10.3139105507225, 0.0 ], [ 76.830700090505999, 10.314186035155799, 0.0 ], [ 76.830755050592501, 10.314502103474901, 0.0 ], [ 76.830751753952299, 10.3146329834084, 0.0 ], [ 76.830741244262398, 10.314737708348501, 0.0 ], [ 76.830807638858204, 10.314994433050099, 0.0 ], [ 76.8308842793531, 10.3152501501656, 0.0 ], [ 76.830919007802905, 10.3153871345626, 0.0 ], [ 76.830946784844798, 10.315504707852901, 0.0 ], [ 76.830980027691695, 10.3156208580028, 0.0 ], [ 76.831065543532205, 10.315758495326699, 0.0 ], [ 76.831138039204305, 10.3158774840487, 0.0 ], [ 76.831192177336803, 10.315978383767201, 0.0 ], [ 76.831291412111497, 10.316078588091701, 0.0 ], [ 76.831361140989003, 10.316161360755, 0.0 ], [ 76.831452824209094, 10.316244652793699, 0.0 ], [ 76.831561184764595, 10.3163007201779, 0.0 ], [ 76.831658108089201, 10.3163621125387, 0.0 ], [ 76.831777749604299, 10.316485201456601, 0.0 ], [ 76.831823145807803, 10.316596490968999, 0.0 ], [ 76.831903029167805, 10.3166755442133, 0.0 ], [ 76.831994830385099, 10.3167053647282, 0.0 ], [ 76.832017299668394, 10.316777366870101, 0.0 ], [ 76.832120559315001, 10.316840548686301, 0.0 ], [ 76.832245133061903, 10.3170741714556, 0.0 ], [ 76.832389245358698, 10.317144575066999, 0.0 ], [ 76.832486259649201, 10.3172680524813, 0.0 ], [ 76.832696596266501, 10.317246525780901, 0.0 ], [ 76.83300305403354, 10.317677183938647, 0.0 ], [ 76.833331229047104, 10.317877250187101, 0.0 ], [ 76.833527387123993, 10.3186238046305, 0.0 ], [ 76.833666893952596, 10.3196988507173, 0.0 ], [ 76.833978661203403, 10.320446708942001, 0.0 ], [ 76.833943233030098, 10.320919084585601, 0.0 ], [ 76.834079041027607, 10.321329460925901, 0.0 ], [ 76.834055422245399, 10.321500697096701, 0.0 ], [ 76.8340638226517, 10.3216911274571, 0.0 ], [ 76.833959138159599, 10.322746696085501, 0.0 ], [ 76.833802111421505, 10.3237324750525, 0.0 ], [ 76.834050737090195, 10.324853471488399, 0.0 ], [ 76.834312448320304, 10.325985372559, 0.0 ], [ 76.834726824434796, 10.326563318192299, 0.0 ], [ 76.834892574880598, 10.3269122664992, 0.0 ], [ 76.834992897518802, 10.3274313271057, 0.0 ], [ 76.835019068641799, 10.3282404509924, 0.0 ], [ 76.835404854133699, 10.328695665587601, 0.0 ], [ 76.835799840478501, 10.3292436773747, 0.0 ], [ 76.836018916660905, 10.3296670108538, 0.0 ], [ 76.836148788785394, 10.330386483079799, 0.0 ], [ 76.836166236200796, 10.3309611573228, 0.0 ], [ 76.835956867216595, 10.3314147901218, 0.0 ], [ 76.835767529957096, 10.331943301227099, 0.0 ], [ 76.835677708571097, 10.3322457232776, 0.0 ], [ 76.835638451886595, 10.3325641386076, 0.0 ], [ 76.83608897804649, 10.33403301159615, 0.0 ], [ 76.837098244268972, 10.336309142808906, 0.0 ], [ 76.83722887660079, 10.338810854417805, 0.0 ], [ 76.835587861383573, 10.339916003319752, 0.0 ], [ 76.835826258811608, 10.342090871087454, 0.0 ], [ 76.835743113216182, 10.345357812291292, 0.0 ], [ 76.837413076823623, 10.347736178077065, 0.0 ], [ 76.841507130244977, 10.350525792054849, 0.0 ], [ 76.841642844207669, 10.353681943621382, 0.0 ], [ 76.842970826336668, 10.354538922072557, 0.0 ], [ 76.845738004642797, 10.356580196816648, 0.0 ], [ 76.845983874344086, 10.359625852934563, 0.0 ], [ 76.844912883468055, 10.363120055658104, 0.0 ], [ 76.846248800840655, 10.365067213545331, 0.0 ], [ 76.848800060144626, 10.367544993907435, 0.0 ], [ 76.847061896151104, 10.370175234852001, 0.0 ], [ 76.844536048910726, 10.374686999840705, 0.0 ], [ 76.84413072955364, 10.376085057676745, 0.0 ], [ 76.843795136678324, 10.377381258685546, 0.0 ], [ 76.841797777735607, 10.377935191134384, 0.0 ], [ 76.841017889216161, 10.378655850918669, 0.0 ], [ 76.838795879956308, 10.380880975808816, 0.0 ], [ 76.837496812697097, 10.38221610585255, 0.0 ], [ 76.836072111088583, 10.382942258233072, 0.0 ], [ 76.834304887128681, 10.383221789434616, 0.0 ], [ 76.833938018586053, 10.383885153047906, 0.0 ], [ 76.833003132812294, 10.385576114799338, 0.0 ], [ 76.8324202575307, 10.386625124223487, 0.0 ], [ 76.830661975423951, 10.389404018260963, 0.0 ], [ 76.825515857186772, 10.393546999359877, 0.0 ], [ 76.823702152415279, 10.395088752450112, 0.0 ], [ 76.833750241351837, 10.403489111645275, 0.0 ], [ 76.832335257420439, 10.405580915068995, 0.0 ], [ 76.833691132641661, 10.407930250123536, 0.0 ], [ 76.832640160361663, 10.407846034372149, 0.0 ], [ 76.830661999870941, 10.411078171720668, 0.0 ], [ 76.827033999289128, 10.411019111174237, 0.0 ], [ 76.825781069202819, 10.409614138078224, 0.0 ], [ 76.824635945167557, 10.409720256742135, 0.0 ], [ 76.824072836019084, 10.410858934839494, 0.0 ], [ 76.822193175118471, 10.414374074118381, 0.0 ], [ 76.823171121338817, 10.417198145700526, 0.0 ], [ 76.81635699995455, 10.423443218777496, 0.0 ], [ 76.819938940956945, 10.431024969955329, 0.0 ], [ 76.821300022297379, 10.433919944170253, 0.0 ], [ 76.824594026259547, 10.441330745786402, 0.0 ], [ 76.826718099224252, 10.446280872456565, 0.0 ], [ 76.828684944617834, 10.452046260257191, 0.0 ], [ 76.829362879063609, 10.464326061151066, 0.0 ], [ 76.829887098145363, 10.473839046471822, 0.0 ], [ 76.830218079569292, 10.479825127562854, 0.0 ], [ 76.830814794713874, 10.498476789800669, 0.0 ], [ 76.831182737873618, 10.499996251547506, 0.0 ], [ 76.833225855349838, 10.507584993253827, 0.0 ], [ 76.834319893677147, 10.512207994164712, 0.0 ], [ 76.834916982018257, 10.512555861189309, 0.0 ], [ 76.835671759904457, 10.514680763561515, 0.0 ], [ 76.836418779746438, 10.518155193578419, 0.0 ], [ 76.837733889649471, 10.522981882786819, 0.0 ], [ 76.84122577887257, 10.533026154217577, 0.0 ], [ 76.842265079948632, 10.535923219472336, 0.0 ], [ 76.843117064215335, 10.537856268064363, 0.0 ], [ 76.842239260948787, 10.540262863142452, 0.0 ], [ 76.838575910693521, 10.542850790487151, 0.0 ], [ 76.835203936631416, 10.544862110928836, 0.0 ], [ 76.835187156813646, 10.547754247801842, 0.0 ], [ 76.835255092132655, 10.552479993894712, 0.0 ], [ 76.836011949850274, 10.554219044324345, 0.0 ], [ 76.835511752776057, 10.557591961940069, 0.0 ], [ 76.836661895390989, 10.557981906922381, 0.0 ], [ 76.838487786489395, 10.557508130694307, 0.0 ], [ 76.840021080676891, 10.558093014830426, 0.0 ], [ 76.841264116816532, 10.558869864945011, 0.0 ], [ 76.844049825544204, 10.558399193734402, 0.0 ], [ 76.846641111424859, 10.558602862134597, 0.0 ], [ 76.847130137468042, 10.557062169686477, 0.0 ], [ 76.849140187498008, 10.558034928253081, 0.0 ], [ 76.850200174376027, 10.557363997628592, 0.0 ], [ 76.848763096565449, 10.556972886712606, 0.0 ], [ 76.847135171343609, 10.556193960425752, 0.0 ], [ 76.84762118349677, 10.555232274456456, 0.0 ], [ 76.848390812648987, 10.55494620720606, 0.0 ], [ 76.850697028073753, 10.554570023776296, 0.0 ], [ 76.852041749735832, 10.554382956351869, 0.0 ], [ 76.852146053837416, 10.55293710690445, 0.0 ], [ 76.852719984679752, 10.553228931118714, 0.0 ], [ 76.853386800031942, 10.554098925333328, 0.0 ], [ 76.854042789425719, 10.556801730507893, 0.0 ], [ 76.854812102560729, 10.556612043751995, 0.0 ], [ 76.855398013866079, 10.554878771240421, 0.0 ], [ 76.855510963144866, 10.552083255580186, 0.0 ], [ 76.856105229550352, 10.549096244929688, 0.0 ], [ 76.857270811718806, 10.546690780528928, 0.0 ], [ 76.857099900495001, 10.543121745909541, 0.0 ], [ 76.857695254236361, 10.539942030520939, 0.0 ], [ 76.858960245502203, 10.537054914834302, 0.0 ], [ 76.85984202232153, 10.534165231077475, 0.0 ], [ 76.860048143583654, 10.53165881201347, 0.0 ], [ 76.859785985158481, 10.527319106691126, 0.0 ], [ 76.860660136457753, 10.525779082535454, 0.0 ], [ 76.861068145554029, 10.521730962787389, 0.0 ], [ 76.861857807297824, 10.51797414316791, 0.0 ], [ 76.861993783962646, 10.511320174453944, 0.0 ], [ 76.86222403263497, 10.508774142125079, 0.0 ], [ 76.861821040969389, 10.505934791184234, 0.0 ], [ 76.861815900441457, 10.505942104060413, 0.0 ], [ 76.860074017445328, 10.501238215782537, 0.0 ], [ 76.86007405721233, 10.50006312152864, 0.0 ], [ 76.859349966387569, 10.497259926352857, 0.0 ], [ 76.858356046900937, 10.495361248610358, 0.0 ], [ 76.858445954911673, 10.4931000566532, 0.0 ], [ 76.860615729891109, 10.492829240280956, 0.0 ], [ 76.863147770623229, 10.492919059477249, 0.0 ], [ 76.865046941744097, 10.492104972638259, 0.0 ], [ 76.86504672986851, 10.484781059574152, 0.0 ], [ 76.868573972498709, 10.483424801026334, 0.0 ], [ 76.867237103586987, 10.480963907286544, 0.0 ], [ 76.866910018919057, 10.476636122829984, 0.0 ], [ 76.867689112404605, 10.475800930387248, 0.0 ], [ 76.867609803330097, 10.473605033923061, 0.0 ], [ 76.869406239711225, 10.471061229470145, 0.0 ], [ 76.869448035492226, 10.471042921820718, 0.0 ], [ 76.871608038695655, 10.47220417179112, 0.0 ], [ 76.871874758485106, 10.472308038576974, 0.0 ], [ 76.872404047193484, 10.472216792985886, 0.0 ], [ 76.872543234960162, 10.470918857718605, 0.0 ], [ 76.873310775252179, 10.470145896143263, 0.0 ], [ 76.875029843047443, 10.470129100760696, 0.0 ], [ 76.878223257978817, 10.471542746054723, 0.0 ], [ 76.880552061550731, 10.472456092578378, 0.0 ], [ 76.881758945764062, 10.472817081029648, 0.0 ], [ 76.882645135706497, 10.473335755474015, 0.0 ], [ 76.88547281022511, 10.474191991056479, 0.0 ], [ 76.885639023740325, 10.474277760245112, 0.0 ], [ 76.887187790631842, 10.474346807070477, 0.0 ], [ 76.887799041036359, 10.475531956792764, 0.0 ], [ 76.889121793398871, 10.476615207671083, 0.0 ], [ 76.889908046737958, 10.477293057979507, 0.0 ], [ 76.889713181894408, 10.478150961973238, 0.0 ], [ 76.891025844565021, 10.481031141549597, 0.0 ], [ 76.893368746384198, 10.483560038001105, 0.0 ], [ 76.895264820485963, 10.484136847697529, 0.0 ], [ 76.897592755345286, 10.484964228429186, 0.0 ], [ 76.899739786637639, 10.484687731667222, 0.0 ], [ 76.900940181385181, 10.484165204724611, 0.0 ], [ 76.902036909006185, 10.481772021287014, 0.0 ], [ 76.90280215491056, 10.480659252162818, 0.0 ], [ 76.904439217630966, 10.481068132546801, 0.0 ], [ 76.90477101353882, 10.482753071353905, 0.0 ], [ 76.90474001148803, 10.482846218352893, 0.0 ], [ 76.905224007917809, 10.482987796188674, 0.0 ], [ 76.906820887038137, 10.483046032844245, 0.0 ], [ 76.908227060303346, 10.482444055294749, 0.0 ], [ 76.909446735063241, 10.481807009866225, 0.0 ], [ 76.908655145163763, 10.48030914675504, 0.0 ], [ 76.910474190913888, 10.480254258503065, 0.0 ], [ 76.91236913817815, 10.480491790996105, 0.0 ], [ 76.91319074693719, 10.481034753284671, 0.0 ], [ 76.914827789310493, 10.481534020365951, 0.0 ], [ 76.916465156913873, 10.481920815638917, 0.0 ], [ 76.918098815378585, 10.481979168652892, 0.0 ], [ 76.919517077474424, 10.48273620149552, 0.0 ], [ 76.921045787845571, 10.483566250195764, 0.0 ], [ 76.921132967715735, 10.485109075717119, 0.0 ], [ 76.921392818738084, 10.485106032274942, 0.0 ], [ 76.922283835178888, 10.485097127693328, 0.0 ], [ 76.924251841188081, 10.485113784363573, 0.0 ], [ 76.925069223651832, 10.485105984698768, 0.0 ], [ 76.926844752353702, 10.484463973084317, 0.0 ], [ 76.927913989777295, 10.4834979310085, 0.0 ], [ 76.928535144992139, 10.482279739638081, 0.0 ], [ 76.929078155607428, 10.48062122730812, 0.0 ], [ 76.928810093501355, 10.479705000209115, 0.0 ], [ 76.928201149171201, 10.477911194885644, 0.0 ], [ 76.927152203863741, 10.476744891271354, 0.0 ], [ 76.926252964840572, 10.475762255516967, 0.0 ], [ 76.92639610659127, 10.475100084903545, 0.0 ], [ 76.925610175040134, 10.474409071020998, 0.0 ], [ 76.924372152269626, 10.472804917713511, 0.0 ], [ 76.924513109607062, 10.471994873178307, 0.0 ], [ 76.924763779940051, 10.470890992844932, 0.0 ], [ 76.925431114188953, 10.470736999771443, 0.0 ], [ 76.926984225546875, 10.469986954079873, 0.0 ], [ 76.926867888466148, 10.469437110136029, 0.0 ], [ 76.92756976798006, 10.46906209905614, 0.0 ], [ 76.928718124448963, 10.468609818208169, 0.0 ], [ 76.929977754824549, 10.468340892534517, 0.0 ], [ 76.930940854207876, 10.468147075412579, 0.0 ], [ 76.931503798170013, 10.468839739826331, 0.0 ], [ 76.933290754155664, 10.469409982470328, 0.0 ], [ 76.935005258514707, 10.470128105838436, 0.0 ], [ 76.936827025842575, 10.470440887999692, 0.0 ], [ 76.938014213390872, 10.470319257349162, 0.0 ], [ 76.93780127380559, 10.471459841643357, 0.0 ], [ 76.938247922568465, 10.471676016813337, 0.0 ], [ 76.940182934003758, 10.472134163755973, 0.0 ], [ 76.941115835579126, 10.472713034043462, 0.0 ], [ 76.941752174674036, 10.473368112665991, 0.0 ], [ 76.942573228693561, 10.47376413337153, 0.0 ], [ 76.943876048477179, 10.47422921547491, 0.0 ], [ 76.945471737096653, 10.474213074387222, 0.0 ], [ 76.946293089822518, 10.474646036497816, 0.0 ], [ 76.947257060339908, 10.474562988821075, 0.0 ], [ 76.949327974266481, 10.473586876563317, 0.0 ], [ 76.950919726631753, 10.472947183413043, 0.0 ], [ 76.952144943442249, 10.472970838911206, 0.0 ], [ 76.953109989852194, 10.472962228742267, 0.0 ], [ 76.953784852159004, 10.473107727419476, 0.0 ], [ 76.955420854981483, 10.472066842220636, 0.0 ], [ 76.956372901591152, 10.470936903853346, 0.0 ], [ 76.957295154493877, 10.469598128142065, 0.0 ], [ 76.957054297393853, 10.469465887770538, 0.0 ], [ 76.957310844494742, 10.469598148665689, 0.0 ], [ 76.959212920266481, 10.469651084850689, 0.0 ], [ 76.960939081830148, 10.469212052821137, 0.0 ], [ 76.962872764250406, 10.468914226050014, 0.0 ], [ 76.966218768307598, 10.469016034467124, 0.0 ], [ 76.967035089005748, 10.469873888385923, 0.0 ], [ 76.967821012676239, 10.470240131273304, 0.0 ], [ 76.970458967618399, 10.468372879360761, 0.0 ], [ 76.9724667996242, 10.466753228367066, 0.0 ], [ 76.97352616193281, 10.465553096760498, 0.0 ], [ 76.976678230867108, 10.465434142771864, 0.0 ], [ 76.978177239480914, 10.464629176568703, 0.0 ], [ 76.979772225569661, 10.463352058860854, 0.0 ], [ 76.981317911216692, 10.463233082917617, 0.0 ], [ 76.982686818018678, 10.46347092616964, 0.0 ], [ 76.984590171463822, 10.463531066678602, 0.0 ], [ 76.986314836044329, 10.463174157086353, 0.0 ], [ 76.987564031580604, 10.462994864870504, 0.0 ], [ 76.988754094004619, 10.46251895536955, 0.0 ], [ 76.99250177120129, 10.461329825289564, 0.0 ], [ 76.997124801445651, 10.457651908049733, 0.0 ], [ 77.000303167509941, 10.454500927829434, 0.0 ], [ 77.00134823337963, 10.451261068267486, 0.0 ], [ 77.00017319290005, 10.450417110270015, 0.0 ], [ 77.000820980178005, 10.449595971126955, 0.0 ], [ 77.004548071239896, 10.452199146971452, 0.0 ], [ 77.007133921409547, 10.452654032209194, 0.0 ], [ 77.00834299412054, 10.453531260489774, 0.0 ], [ 77.008327137671756, 10.453551052316556, 0.0 ], [ 77.00787682737672, 10.455822819435504, 0.0 ], [ 77.00740419845917, 10.457675072938201, 0.0 ], [ 77.005423915338241, 10.458058060191988, 0.0 ], [ 77.003039197393349, 10.458237791218126, 0.0 ], [ 77.00103694689993, 10.458418068611806, 0.0 ], [ 77.000721855605846, 10.45857514138091, 0.0 ], [ 77.000249080054431, 10.458889996898346, 0.0 ], [ 76.999462041726275, 10.459564901709292, 0.0 ], [ 76.998786979801125, 10.460239991614969, 0.0 ], [ 76.997639015592554, 10.460690148762549, 0.0 ], [ 76.992825070950005, 10.46278222328997, 0.0 ], [ 76.990484988185472, 10.463884916070612, 0.0 ], [ 76.988617770738358, 10.465122041968078, 0.0 ], [ 76.987064828643128, 10.466315065722263, 0.0 ], [ 76.987154998749361, 10.467012259123074, 0.0 ], [ 76.987223257520213, 10.467641743818152, 0.0 ], [ 76.98674989861982, 10.468271962532961, 0.0 ], [ 76.986953183511773, 10.469329262075624, 0.0 ], [ 76.986682959037594, 10.469802238710823, 0.0 ], [ 76.987043015827467, 10.472006789378257, 0.0 ], [ 76.985715096677922, 10.473244176339456, 0.0 ], [ 76.984815919765978, 10.471422247940454, 0.0 ], [ 76.984546244289092, 10.471714239107047, 0.0 ], [ 76.985017889170834, 10.472906861895014, 0.0 ], [ 76.984591006072264, 10.473086745640638, 0.0 ], [ 76.98346588446033, 10.473424090980059, 0.0 ], [ 76.982228218267721, 10.473716224199165, 0.0 ], [ 76.981687976923965, 10.474053830453354, 0.0 ], [ 76.982137947056557, 10.474750884912028, 0.0 ], [ 76.982588194687153, 10.475695897991788, 0.0 ], [ 76.982947844425851, 10.477158788060072, 0.0 ], [ 76.982722769469589, 10.477383807536134, 0.0 ], [ 76.982161152016332, 10.477969153443144, 0.0 ], [ 76.982566224935795, 10.478440780981447, 0.0 ], [ 76.982262047468083, 10.479465240629425, 0.0 ], [ 76.982442026885593, 10.479516036370971, 0.0 ], [ 76.98244187318933, 10.481714943907429, 0.0 ], [ 76.98352198696756, 10.482073813547975, 0.0 ], [ 76.984242180649815, 10.481984059991806, 0.0 ], [ 76.985052236824288, 10.482254138988704, 0.0 ], [ 76.98595211133015, 10.482434194481851, 0.0 ], [ 76.98649221790383, 10.483063740856496, 0.0 ], [ 76.987302240460338, 10.482973922965312, 0.0 ], [ 76.987482006707694, 10.484054016917252, 0.0 ], [ 76.988111968758233, 10.484953962526825, 0.0 ], [ 76.989010832431646, 10.485493850765184, 0.0 ], [ 76.989641156804979, 10.484863751870318, 0.0 ], [ 76.989911101433876, 10.484323788380671, 0.0 ], [ 76.990360755349258, 10.484324088380841, 0.0 ], [ 76.990900795459112, 10.484323819885514, 0.0 ], [ 76.991710766869474, 10.483874089984313, 0.0 ], [ 76.992341186225929, 10.483963754818543, 0.0 ], [ 76.99360086271389, 10.483874193096916, 0.0 ], [ 76.995220958585904, 10.483873879458553, 0.0 ], [ 76.996571016074043, 10.483874228019928, 0.0 ], [ 76.997381159799374, 10.484414153949668, 0.0 ], [ 76.997921200243781, 10.484413858822309, 0.0 ], [ 76.998493727722916, 10.484051070541176, 0.0 ], [ 76.998829172751329, 10.483841146204673, 0.0 ], [ 76.998914024440978, 10.486392780794144, 0.0 ], [ 76.996917829480481, 10.48616676741622, 0.0 ], [ 76.996547968088223, 10.487531191594927, 0.0 ], [ 76.995687148078289, 10.487332223727602, 0.0 ], [ 76.994936977067397, 10.488391935652505, 0.0 ], [ 76.994769881326235, 10.489142257655871, 0.0 ], [ 76.994843238156136, 10.48985712386612, 0.0 ], [ 76.99532708903827, 10.490261882895961, 0.0 ], [ 76.995331093272355, 10.490738132489899, 0.0 ], [ 76.995954268746573, 10.491347017651943, 0.0 ], [ 76.994243121634909, 10.49271999029847, 0.0 ], [ 76.991039100063617, 10.491889061862867, 0.0 ], [ 76.988796817740933, 10.490950011019681, 0.0 ], [ 76.986221826110878, 10.491543752155767, 0.0 ], [ 76.987436189933575, 10.49327301298198, 0.0 ], [ 76.988744799234183, 10.494714780918025, 0.0 ], [ 76.993323993102734, 10.499567019136878, 0.0 ], [ 76.994529135945697, 10.499764194872487, 0.0 ], [ 76.995938156104586, 10.499618799410371, 0.0 ], [ 76.997082941530977, 10.501211148987295, 0.0 ], [ 76.998562175621458, 10.501235830386449, 0.0 ], [ 77.000183146289771, 10.501940840004181, 0.0 ], [ 77.000231780674667, 10.504220910323605, 0.0 ], [ 77.001953138501293, 10.50434618234749, 0.0 ], [ 77.003729733141512, 10.507942905767306, 0.0 ], [ 77.004628960672648, 10.50872001640872, 0.0 ], [ 77.005736190519698, 10.509598152044097, 0.0 ], [ 77.00680407479112, 10.509898065348121, 0.0 ], [ 77.007938067032157, 10.509787882129709, 0.0 ], [ 77.008902813471622, 10.510157002607869, 0.0 ], [ 77.009724045001704, 10.509470784392937, 0.0 ], [ 77.010826877140275, 10.509701729836371, 0.0 ], [ 77.012035802293724, 10.510612841117187, 0.0 ], [ 77.018193199485438, 10.51064213440163, 0.0 ], [ 77.019722859476374, 10.513150849530668, 0.0 ], [ 77.020718903603111, 10.513008955020236, 0.0 ], [ 77.021193996267854, 10.51195116765158, 0.0 ], [ 77.021057790571561, 10.511446155621716, 0.0 ], [ 77.022009834560478, 10.511172028901687, 0.0 ], [ 77.022330192182039, 10.511370157114495, 0.0 ], [ 77.022918127727323, 10.511910783660827, 0.0 ], [ 77.023756028052574, 10.51180190110089, 0.0 ], [ 77.023407738626759, 10.513234764257415, 0.0 ], [ 77.025962139113005, 10.514513098965137, 0.0 ], [ 77.026649252994488, 10.514337869067235, 0.0 ], [ 77.027789941701968, 10.516133968507701, 0.0 ], [ 77.02975301438488, 10.515161863670039, 0.0 ], [ 77.030804960897541, 10.516063061670751, 0.0 ], [ 77.032627998362329, 10.516270782197429, 0.0 ], [ 77.034402965341798, 10.51705311302822, 0.0 ], [ 77.036846098270743, 10.516825007503218, 0.0 ], [ 77.037776995142025, 10.51716008564221, 0.0 ], [ 77.039042800454411, 10.516266908284614, 0.0 ], [ 77.039315977779864, 10.515890796625365, 0.0 ], [ 77.041104205000153, 10.515844926007018, 0.0 ], [ 77.041065900972541, 10.515233005621198, 0.0 ], [ 77.041889092243167, 10.514853024081022, 0.0 ], [ 77.04347217767021, 10.515081167266958, 0.0 ], [ 77.044882972737526, 10.515207957311311, 0.0 ], [ 77.045712750008718, 10.515814759344423, 0.0 ], [ 77.046948830952942, 10.515466795779622, 0.0 ], [ 77.047018098332444, 10.51546706410068, 0.0 ], [ 77.047258178393236, 10.515397221717192, 0.0 ], [ 77.047636192914652, 10.515360030157312, 0.0 ], [ 77.047902770470358, 10.51413314408544, 0.0 ], [ 77.048893852761893, 10.513139817450176, 0.0 ], [ 77.049649231992674, 10.512930968802417, 0.0 ], [ 77.050436922632215, 10.512482758403786, 0.0 ], [ 77.05023575361831, 10.513301113258134, 0.0 ], [ 77.050345876531466, 10.514254020494002, 0.0 ], [ 77.052512051143296, 10.514171877172885, 0.0 ], [ 77.052416148203562, 10.515226885213185, 0.0 ], [ 77.052149067709664, 10.51645376616233, 0.0 ], [ 77.05279980366187, 10.516143780074225, 0.0 ], [ 77.053455997994192, 10.516411894740553, 0.0 ], [ 77.054348181616987, 10.516100117242999, 0.0 ], [ 77.054441859022944, 10.514771872287113, 0.0 ], [ 77.054884903513667, 10.51412205578821, 0.0 ], [ 77.055668264414251, 10.512925973829214, 0.0 ], [ 77.056940934958661, 10.512918231104937, 0.0 ], [ 77.057736998945998, 10.513728918314381, 0.0 ], [ 77.058638063501476, 10.514677148405156, 0.0 ], [ 77.059026262156692, 10.51542118241759, 0.0 ], [ 77.059789892511233, 10.515529103472973, 0.0 ], [ 77.061394764620005, 10.515509820644604, 0.0 ], [ 77.06235802457249, 10.515604838089534, 0.0 ], [ 77.064064728781347, 10.513688226037999, 0.0 ], [ 77.065374031390945, 10.513884132948721, 0.0 ], [ 77.065885952503763, 10.51333575933784, 0.0 ], [ 77.065537053689013, 10.512657920434108, 0.0 ], [ 77.065463268017069, 10.511806985362339, 0.0 ], [ 77.066317894242061, 10.51108679030007, 0.0 ], [ 77.06679723711548, 10.510709214136073, 0.0 ], [ 77.066930847624661, 10.510130055358573, 0.0 ], [ 77.067750188961725, 10.509137092385247, 0.0 ], [ 77.068778230074372, 10.508654273048791, 0.0 ], [ 77.069318845978202, 10.507186765054886, 0.0 ], [ 77.069171014049573, 10.505690056180963, 0.0 ], [ 77.069926152826355, 10.505378805007107, 0.0 ], [ 77.070502014971254, 10.504184068947543, 0.0 ], [ 77.071617775721862, 10.501249760360436, 0.0 ], [ 77.069757267971298, 10.500682953906104, 0.0 ], [ 77.068965058602942, 10.500620158456906, 0.0 ], [ 77.068887244028801, 10.499224992578096, 0.0 ], [ 77.068640743565695, 10.498376152692042, 0.0 ], [ 77.069189801464788, 10.498168099836496, 0.0 ], [ 77.069013775011513, 10.49759109263929, 0.0 ], [ 77.068533118826835, 10.497594252699876, 0.0 ], [ 77.068460070333032, 10.49698225425813, 0.0 ], [ 77.067694810126042, 10.49576090293287, 0.0 ], [ 77.067311074954659, 10.494845190768455, 0.0 ], [ 77.066829068075791, 10.494779746877926, 0.0 ], [ 77.065855841524495, 10.493288765196237, 0.0 ], [ 77.06568009690649, 10.492643223459501, 0.0 ], [ 77.065499831475009, 10.491452873420849, 0.0 ], [ 77.06542596164735, 10.490772844588937, 0.0 ], [ 77.063211038330252, 10.488575265807743, 0.0 ], [ 77.062902167187147, 10.488679156166636, 0.0 ], [ 77.062035755558298, 10.487764914704229, 0.0 ], [ 77.062200745019268, 10.486742939177979, 0.0 ], [ 77.061369039029231, 10.48565906806216, 0.0 ], [ 77.061672051482944, 10.48463600066856, 0.0 ], [ 77.062560136982071, 10.483746235774646, 0.0 ], [ 77.063005217053842, 10.483401800684538, 0.0 ], [ 77.062513845416021, 10.482043784632976, 0.0 ], [ 77.061337923779206, 10.480962983089615, 0.0 ], [ 77.060543130547941, 10.480457171776628, 0.0 ], [ 77.060204019470774, 10.481139978020053, 0.0 ], [ 77.059794029883207, 10.481517215692397, 0.0 ], [ 77.059414135595887, 10.481213234865386, 0.0 ], [ 77.059069780086659, 10.481250011554005, 0.0 ], [ 77.058792132275983, 10.48080927145336, 0.0 ], [ 77.058477784691163, 10.48019803097292, 0.0 ], [ 77.057961255510506, 10.479963205149547, 0.0 ], [ 77.058494193036893, 10.477338910930216, 0.0 ], [ 77.059360788370981, 10.476535735311227, 0.0 ], [ 77.058832174529016, 10.476520058159421, 0.0 ], [ 77.059229757527817, 10.474202765540591, 0.0 ], [ 77.060152748099114, 10.473380133447579, 0.0 ], [ 77.060902919712632, 10.472761955097861, 0.0 ], [ 77.06179721381892, 10.472382257870724, 0.0 ], [ 77.062305253346111, 10.471221771634196, 0.0 ], [ 77.06271207181392, 10.470367833848538, 0.0 ], [ 77.062846957694845, 10.470027113959201, 0.0 ], [ 77.063222935878841, 10.469616040208514, 0.0 ], [ 77.063529149180781, 10.469036004932509, 0.0 ], [ 77.064214133082572, 10.468622798030959, 0.0 ], [ 77.065004074206286, 10.468515250687888, 0.0 ], [ 77.065706041336242, 10.46830986496578, 0.0 ], [ 77.066232232696635, 10.468270812196547, 0.0 ], [ 77.066566049139226, 10.468056941101075, 0.0 ], [ 77.066863202214137, 10.467961750058151, 0.0 ], [ 77.066839234047876, 10.467461834768557, 0.0 ], [ 77.067290954740869, 10.467570135854691, 0.0 ], [ 77.067647946677553, 10.46862780473284, 0.0 ], [ 77.068981105045964, 10.470615204611812, 0.0 ], [ 77.069453960481113, 10.471441808741924, 0.0 ], [ 77.070002075214234, 10.472007016262857, 0.0 ], [ 77.070669891716534, 10.472629920252798, 0.0 ], [ 77.071813148605486, 10.473746963926484, 0.0 ], [ 77.072979211736211, 10.474647909908185, 0.0 ], [ 77.073859154225161, 10.475240127711984, 0.0 ], [ 77.074859826547524, 10.47586115354286, 0.0 ], [ 77.075771951893159, 10.476140128387035, 0.0 ], [ 77.076374139523992, 10.476539039505823, 0.0 ], [ 77.077679781065285, 10.476721837327032, 0.0 ], [ 77.078646953061039, 10.476668001114316, 0.0 ], [ 77.079281833910684, 10.475819210520969, 0.0 ], [ 77.079941775982903, 10.475777768512597, 0.0 ], [ 77.080927038264676, 10.475717045566759, 0.0 ], [ 77.081714930776371, 10.475668237159439, 0.0 ], [ 77.081990103587884, 10.476242178978854, 0.0 ], [ 77.082428095136166, 10.47715483896514, 0.0 ], [ 77.083032084259912, 10.478438995479969, 0.0 ], [ 77.084591864596916, 10.4795939114997, 0.0 ], [ 77.086044087053892, 10.479978768414478, 0.0 ], [ 77.086666845058275, 10.480087026887784, 0.0 ], [ 77.087603202132613, 10.480247879587811, 0.0 ], [ 77.087789243462495, 10.48075715721202, 0.0 ], [ 77.088334789813402, 10.48107588135843, 0.0 ], [ 77.088852153589258, 10.481319193264163, 0.0 ], [ 77.089247954256166, 10.482002793851537, 0.0 ], [ 77.089669966032645, 10.482480050822369, 0.0 ], [ 77.090163095674484, 10.483396216006764, 0.0 ], [ 77.091291111173717, 10.482817133216214, 0.0 ], [ 77.091796146527244, 10.483672118471196, 0.0 ], [ 77.092996007667423, 10.48420297177441, 0.0 ], [ 77.093648740215826, 10.484305807910706, 0.0 ], [ 77.093930969850959, 10.484296794961221, 0.0 ], [ 77.09410679254249, 10.484482258975682, 0.0 ], [ 77.094413249603377, 10.484738096519674, 0.0 ], [ 77.094763225465911, 10.485095042462367, 0.0 ], [ 77.094799843164125, 10.485422978708467, 0.0 ], [ 77.094505940869055, 10.485655978940907, 0.0 ], [ 77.094970252674599, 10.485962242606334, 0.0 ], [ 77.095157213143324, 10.486554024638735, 0.0 ], [ 77.095849812537864, 10.487338889864702, 0.0 ], [ 77.096401911140035, 10.488087851306645, 0.0 ], [ 77.097367805296059, 10.488056867088179, 0.0 ], [ 77.097640846196384, 10.48818623385116, 0.0 ], [ 77.098056969454731, 10.488062935742308, 0.0 ], [ 77.098214135553278, 10.48845607835206, 0.0 ], [ 77.098388160918688, 10.48881606316889, 0.0 ], [ 77.097892928664535, 10.490003967879629, 0.0 ], [ 77.098230770353666, 10.490491165993255, 0.0 ], [ 77.099071119841739, 10.489768210541188, 0.0 ], [ 77.09960193488088, 10.489891992090078, 0.0 ], [ 77.099819784615377, 10.490360058783248, 0.0 ], [ 77.099961774074174, 10.491693093532911, 0.0 ], [ 77.099914984932823, 10.492977862160158, 0.0 ], [ 77.10001014100277, 10.493595946921776, 0.0 ], [ 77.100873232782789, 10.494597148514416, 0.0 ], [ 77.101515902768824, 10.495680733913769, 0.0 ], [ 77.102198950908502, 10.496832119073568, 0.0 ], [ 77.103340812176782, 10.498925808337304, 0.0 ], [ 77.103902768857523, 10.499458209013092, 0.0 ], [ 77.105007152367207, 10.499476920543982, 0.0 ], [ 77.105253730687977, 10.499020001092775, 0.0 ], [ 77.105311173903743, 10.498200966969769, 0.0 ], [ 77.105540203338975, 10.498182066396517, 0.0 ], [ 77.105786751644231, 10.49837317069953, 0.0 ], [ 77.106137813051987, 10.49839274161314, 0.0 ], [ 77.106066149934179, 10.498322261424217, 0.0 ], [ 77.106051412433146, 10.498233387724813, 0.0 ], [ 77.106117839542421, 10.498298867824277, 0.0 ], [ 77.106403087288044, 10.498327957038429, 0.0 ], [ 77.106660121675191, 10.498127928398461, 0.0 ], [ 77.106859964649786, 10.49789219298726, 0.0 ], [ 77.106931052087148, 10.497670774957001, 0.0 ], [ 77.106988121442342, 10.497386215175863, 0.0 ], [ 77.107117030641874, 10.497136258993923, 0.0 ], [ 77.10729082845954, 10.496994957065461, 0.0 ], [ 77.107543037776878, 10.496916868349787, 0.0 ], [ 77.107752809114317, 10.497199890362163, 0.0 ], [ 77.107848005191599, 10.497370791543883, 0.0 ], [ 77.108057813319832, 10.497514034933776, 0.0 ], [ 77.108410107958633, 10.497513827101079, 0.0 ], [ 77.108599838224848, 10.497381104363956, 0.0 ], [ 77.108867125061451, 10.497305138091683, 0.0 ], [ 77.109056873768324, 10.49709476017078, 0.0 ], [ 77.10898109067854, 10.496648181702149, 0.0 ], [ 77.108961019582239, 10.496264036156361, 0.0 ], [ 77.108961226053665, 10.496258152177719, 0.0 ], [ 77.108948731657435, 10.496136152416438, 0.0 ], [ 77.109031745822918, 10.496129901169542, 0.0 ], [ 77.109239902199647, 10.496165974949214, 0.0 ], [ 77.109493137237862, 10.496151113496103, 0.0 ], [ 77.10966473181675, 10.496165043646787, 0.0 ], [ 77.109670789821052, 10.496162038515319, 0.0 ], [ 77.10988596898649, 10.496136764207494, 0.0 ], [ 77.110142780706198, 10.496050796127543, 0.0 ], [ 77.110286211969481, 10.495679767529467, 0.0 ], [ 77.10992898530894, 10.494895229456118, 0.0 ], [ 77.109715095631046, 10.494451942680469, 0.0 ], [ 77.109828934979802, 10.49413773910771, 0.0 ], [ 77.110057015289968, 10.494238226356972, 0.0 ], [ 77.110400162358033, 10.49426715469172, 0.0 ], [ 77.110485035855646, 10.494038178742118, 0.0 ], [ 77.11029973182707, 10.49376725146074, 0.0 ], [ 77.109956807038088, 10.493438960008133, 0.0 ], [ 77.109900120067053, 10.493095869339264, 0.0 ], [ 77.109899766943229, 10.492782027710561, 0.0 ], [ 77.110200088689794, 10.492782172075264, 0.0 ], [ 77.11052780551357, 10.492710958533751, 0.0 ], [ 77.110741909175431, 10.49263905413379, 0.0 ], [ 77.110960198523074, 10.49267922202468, 0.0 ], [ 77.111199070064586, 10.492610845595829, 0.0 ], [ 77.111542024782693, 10.492568001580606, 0.0 ], [ 77.112040913587649, 10.492707778049729, 0.0 ], [ 77.112540979666505, 10.492922033965829, 0.0 ], [ 77.113098217299154, 10.493265175820891, 0.0 ], [ 77.113626116196968, 10.493550005031562, 0.0 ], [ 77.114040172787256, 10.493778975900062, 0.0 ], [ 77.114468217992624, 10.49396397558167, 0.0 ], [ 77.114911257443055, 10.494107180576197, 0.0 ], [ 77.115210066779881, 10.494135110799709, 0.0 ], [ 77.115552952333857, 10.494264165010968, 0.0 ], [ 77.115653035978681, 10.494450221849334, 0.0 ], [ 77.115839207080953, 10.494634949017124, 0.0 ], [ 77.116080773304702, 10.494705898792349, 0.0 ], [ 77.116437871997661, 10.494691911965095, 0.0 ], [ 77.116780899240808, 10.494677976937067, 0.0 ], [ 77.117094878330747, 10.494720883550873, 0.0 ], [ 77.117379897503142, 10.494849019096035, 0.0 ], [ 77.117665856900558, 10.494934878050822, 0.0 ], [ 77.118051186840532, 10.494949168679264, 0.0 ], [ 77.118594196980865, 10.495034739525416, 0.0 ], [ 77.119049830890745, 10.495034836982763, 0.0 ], [ 77.119321787310227, 10.494948836871549, 0.0 ], [ 77.119620826880265, 10.495062989004902, 0.0 ], [ 77.119977736659138, 10.49517805395063, 0.0 ], [ 77.120348863128086, 10.495319847406758, 0.0 ], [ 77.120649108767736, 10.49547688276829, 0.0 ], [ 77.120876986950066, 10.495506117890923, 0.0 ], [ 77.120877878731676, 10.495063249724435, 0.0 ], [ 77.120692217662096, 10.494678251760757, 0.0 ], [ 77.120563108548026, 10.494378202909662, 0.0 ], [ 77.120620815208937, 10.494120977025625, 0.0 ], [ 77.121019893855916, 10.493464156940403, 0.0 ], [ 77.121292177245124, 10.492935805467916, 0.0 ], [ 77.121320226129356, 10.492350882927413, 0.0 ], [ 77.121262821026491, 10.491780169410946, 0.0 ], [ 77.121176964851671, 10.491280244092655, 0.0 ], [ 77.121333838670893, 10.490895213738655, 0.0 ], [ 77.121555969348677, 10.490330873415102, 0.0 ], [ 77.121594114713176, 10.49012225019254, 0.0 ], [ 77.121944816272389, 10.490058761456021, 0.0 ], [ 77.122241117360815, 10.489988051845446, 0.0 ], [ 77.122069857220154, 10.48977921288801, 0.0 ], [ 77.121708057886948, 10.489665058650708, 0.0 ], [ 77.121441194993167, 10.489435804643339, 0.0 ], [ 77.121381970809196, 10.48941181728908, 0.0 ], [ 77.121003930291153, 10.489359762314704, 0.0 ], [ 77.120546966740648, 10.489398183505163, 0.0 ], [ 77.120223101652996, 10.489359765846721, 0.0 ], [ 77.120260913626069, 10.489037063149727, 0.0 ], [ 77.12064204920037, 10.488846093075027, 0.0 ], [ 77.120831889615786, 10.488694083843274, 0.0 ], [ 77.120985033212875, 10.488199145460301, 0.0 ], [ 77.121288986368313, 10.488388970315425, 0.0 ], [ 77.12144099959346, 10.488312780617123, 0.0 ], [ 77.121536060680114, 10.487513810806233, 0.0 ], [ 77.121517757561193, 10.487170978391024, 0.0 ], [ 77.121440814248757, 10.486772047474606, 0.0 ], [ 77.12125084998857, 10.486201085974541, 0.0 ], [ 77.120756002775423, 10.485590753488584, 0.0 ], [ 77.120433031662358, 10.485496136752946, 0.0 ], [ 77.120034954939925, 10.485522115242539, 0.0 ], [ 77.119805001370324, 10.48562990346726, 0.0 ], [ 77.119661878212241, 10.485714963902129, 0.0 ], [ 77.119550042512955, 10.486142765025264, 0.0 ], [ 77.119423881418825, 10.48631516301263, 0.0 ], [ 77.118966814662627, 10.486464965128285, 0.0 ], [ 77.118539011280632, 10.486690744061024, 0.0 ], [ 77.118146153465901, 10.487000192671506, 0.0 ], [ 77.117730191106787, 10.487274038338208, 0.0 ], [ 77.117336917643499, 10.487595253004223, 0.0 ], [ 77.11717105537879, 10.487773249832298, 0.0 ], [ 77.116907930585967, 10.487839195769388, 0.0 ], [ 77.116707245472782, 10.487868189970015, 0.0 ], [ 77.116457047354359, 10.487487943817639, 0.0 ], [ 77.116231197047512, 10.48726223113518, 0.0 ], [ 77.11629119268693, 10.487047935085913, 0.0 ], [ 77.11671919973864, 10.487048163831265, 0.0 ], [ 77.116697097217155, 10.486366209539641, 0.0 ], [ 77.116694744597254, 10.486000897201125, 0.0 ], [ 77.116743004908145, 10.485750854408838, 0.0 ], [ 77.116623994526265, 10.485549160168349, 0.0 ], [ 77.116469203060774, 10.485442097666732, 0.0 ], [ 77.116337835557957, 10.485346013959534, 0.0 ], [ 77.115921989081485, 10.485323173535111, 0.0 ], [ 77.115683910078275, 10.485323034976918, 0.0 ], [ 77.115516782899789, 10.485120224068055, 0.0 ], [ 77.115493733927465, 10.484727962140296, 0.0 ], [ 77.115832240858509, 10.484548933275748, 0.0 ], [ 77.115794105101671, 10.484015846681196, 0.0 ], [ 77.115660854844322, 10.483463966300539, 0.0 ], [ 77.115546923983572, 10.482854913544447, 0.0 ], [ 77.115337886332526, 10.482473943165367, 0.0 ], [ 77.115089806927585, 10.482188026744264, 0.0 ], [ 77.11499486236643, 10.48197912706158, 0.0 ], [ 77.11535689878103, 10.481807870963417, 0.0 ], [ 77.115357214470095, 10.481351082579078, 0.0 ], [ 77.115537203959676, 10.481233020137235, 0.0 ], [ 77.115966217437247, 10.481142247920365, 0.0 ], [ 77.116345977217819, 10.481237216027615, 0.0 ], [ 77.116594094984563, 10.481522059444513, 0.0 ], [ 77.116879056140803, 10.48171284428194, 0.0 ], [ 77.117241034557082, 10.481635833298977, 0.0 ], [ 77.117564973128921, 10.481578937085594, 0.0 ], [ 77.117869145840373, 10.481483875601725, 0.0 ], [ 77.117603084532533, 10.48096975208537, 0.0 ], [ 77.117392833394206, 10.480685139322221, 0.0 ], [ 77.116954849870595, 10.480723126944302, 0.0 ], [ 77.11655594886733, 10.480742104746357, 0.0 ], [ 77.1163077956828, 10.480550976584222, 0.0 ], [ 77.116327105507111, 10.480246929442442, 0.0 ], [ 77.116810727596189, 10.479910084744388, 0.0 ], [ 77.116669972973838, 10.479618753033929, 0.0 ], [ 77.117138746390154, 10.479443124389389, 0.0 ], [ 77.117009011249053, 10.479316039464146, 0.0 ], [ 77.117002093064144, 10.479142830513538, 0.0 ], [ 77.117116191545875, 10.478882201237985, 0.0 ], [ 77.116954984897276, 10.47824797574774, 0.0 ], [ 77.116955004407245, 10.477753162324309, 0.0 ], [ 77.116802822159997, 10.47720118229798, 0.0 ], [ 77.116897923953388, 10.476973104989144, 0.0 ], [ 77.116822047682859, 10.476745051200494, 0.0 ], [ 77.116556135011677, 10.476783050720165, 0.0 ], [ 77.116250920568334, 10.476630130184789, 0.0 ], [ 77.116226056229024, 10.476274233733147, 0.0 ], [ 77.116136751173087, 10.475827231640991, 0.0 ], [ 77.116344941254837, 10.475351884010809, 0.0 ], [ 77.116583009099102, 10.47493486157658, 0.0 ], [ 77.116434177926223, 10.474519020531273, 0.0 ], [ 77.116256128223796, 10.474103248188758, 0.0 ], [ 77.115928898591719, 10.473358911704542, 0.0 ], [ 77.115541819373703, 10.472794057382742, 0.0 ], [ 77.115245171047903, 10.472258011545891, 0.0 ], [ 77.114976845665083, 10.472287891826371, 0.0 ], [ 77.114917840547619, 10.471871923918405, 0.0 ], [ 77.114799255053413, 10.471396077235962, 0.0 ], [ 77.114620058969805, 10.470889768985645, 0.0 ], [ 77.114500897444358, 10.47041497503389, 0.0 ], [ 77.114353065057131, 10.469909209630671, 0.0 ], [ 77.114322740870847, 10.46949315899284, 0.0 ], [ 77.114472143139665, 10.468719143627357, 0.0 ], [ 77.114562059874558, 10.468144968888849, 0.0 ], [ 77.114609952575265, 10.467859053719218, 0.0 ], [ 77.114811825684498, 10.467532908547261, 0.0 ], [ 77.115227944321376, 10.467145040159687, 0.0 ], [ 77.115559880180271, 10.466534730848332, 0.0 ], [ 77.115713914389474, 10.465937057966361, 0.0 ], [ 77.115604049048898, 10.46547490939968, 0.0 ], [ 77.11546101552365, 10.464646957190423, 0.0 ], [ 77.115461102858021, 10.464304785264632, 0.0 ], [ 77.11570394051563, 10.464276172591564, 0.0 ], [ 77.115974809127479, 10.464404883153888, 0.0 ], [ 77.116288807451369, 10.464476170184788, 0.0 ], [ 77.116618252770223, 10.464647051407345, 0.0 ], [ 77.116916929343901, 10.464846863256291, 0.0 ], [ 77.117146220917391, 10.464818854148866, 0.0 ], [ 77.117488194965802, 10.464462174974699, 0.0 ], [ 77.11775978156949, 10.464446861390192, 0.0 ], [ 77.118288006851785, 10.464333255249061, 0.0 ], [ 77.118873207057774, 10.464462034113684, 0.0 ], [ 77.119614834729006, 10.464604208121653, 0.0 ], [ 77.120100790644244, 10.464647113405515, 0.0 ], [ 77.120786251855947, 10.464832871342288, 0.0 ], [ 77.121300222040304, 10.464832823358696, 0.0 ], [ 77.121614100326283, 10.464861255715764, 0.0 ], [ 77.121813785847166, 10.464689785153142, 0.0 ], [ 77.122141980868633, 10.464432758513302, 0.0 ], [ 77.122341929382813, 10.464361967503136, 0.0 ], [ 77.122569785304549, 10.464575939347943, 0.0 ], [ 77.122573749205429, 10.46324111637389, 0.0 ], [ 77.122581735425314, 10.463291189904657, 0.0 ], [ 77.122604830846825, 10.463357845798077, 0.0 ], [ 77.122592213598963, 10.463996779303729, 0.0 ], [ 77.122593159313311, 10.464650101901906, 0.0 ], [ 77.122821069931234, 10.464877998037419, 0.0 ], [ 77.122934819470373, 10.464935980794372, 0.0 ], [ 77.123106847041996, 10.464920992971715, 0.0 ], [ 77.123321245076923, 10.464792863331011, 0.0 ], [ 77.123649032486455, 10.464763935541855, 0.0 ], [ 77.123835012726545, 10.46490685749872, 0.0 ], [ 77.123863231170645, 10.465120947539543, 0.0 ], [ 77.124106263535438, 10.465164082146321, 0.0 ], [ 77.124348887072969, 10.465064227777354, 0.0 ], [ 77.124848197379251, 10.465034748447714, 0.0 ], [ 77.12524808574625, 10.464522067418844, 0.0 ], [ 77.125605138478903, 10.464692802309843, 0.0 ], [ 77.125761886427497, 10.46482079766735, 0.0 ], [ 77.126061954570901, 10.464578863126484, 0.0 ], [ 77.126190015794847, 10.464335856110504, 0.0 ], [ 77.126403955330929, 10.464421899837479, 0.0 ], [ 77.126460837872585, 10.464620906061885, 0.0 ], [ 77.126404234932835, 10.464878141728352, 0.0 ], [ 77.126161844732295, 10.465064220502597, 0.0 ], [ 77.126062027940208, 10.465334969928465, 0.0 ], [ 77.126290068594827, 10.465621233306445, 0.0 ], [ 77.126460957680877, 10.465778093420354, 0.0 ], [ 77.126732957285157, 10.465905751589423, 0.0 ], [ 77.127047223154548, 10.465520789965327, 0.0 ], [ 77.127175032662024, 10.465192094968824, 0.0 ], [ 77.127446094378115, 10.465207267514637, 0.0 ], [ 77.127644909086214, 10.465261733542762, 0.0 ], [ 77.127888877534446, 10.465278119465543, 0.0 ], [ 77.127889091070728, 10.465535159732534, 0.0 ], [ 77.127916775490377, 10.465749230992703, 0.0 ], [ 77.127903171911072, 10.466092011991432, 0.0 ], [ 77.127989181066198, 10.466634192612746, 0.0 ], [ 77.128031797533041, 10.466962835051065, 0.0 ], [ 77.128174174078708, 10.467177085867082, 0.0 ], [ 77.128530823919832, 10.467204825437484, 0.0 ], [ 77.128787893502164, 10.467063153646491, 0.0 ], [ 77.128859769024629, 10.466662927005096, 0.0 ], [ 77.129145137754875, 10.466562920724822, 0.0 ], [ 77.129287768018756, 10.466677042495315, 0.0 ], [ 77.129288038622107, 10.466948008726504, 0.0 ], [ 77.129245148725389, 10.467261943449163, 0.0 ], [ 77.129602230342243, 10.467261849681043, 0.0 ], [ 77.129930218755533, 10.46732019857653, 0.0 ], [ 77.130315851729151, 10.467277170092419, 0.0 ], [ 77.130529939258039, 10.466848073464238, 0.0 ], [ 77.130586966534025, 10.466563003586973, 0.0 ], [ 77.130872027898775, 10.466549196859201, 0.0 ], [ 77.131272143060002, 10.46664910118729, 0.0 ], [ 77.131713978806701, 10.466762748008403, 0.0 ], [ 77.132156750392866, 10.466834121963023, 0.0 ], [ 77.13225714527546, 10.467119758595565, 0.0 ], [ 77.132343022473236, 10.467433815240895, 0.0 ], [ 77.132514210871179, 10.467690815643616, 0.0 ], [ 77.132841808160535, 10.46777591895291, 0.0 ], [ 77.133298791968883, 10.467719258131996, 0.0 ], [ 77.133599187171768, 10.467762196639743, 0.0 ], [ 77.133670167601267, 10.467976142547052, 0.0 ], [ 77.133669923917935, 10.468262085999523, 0.0 ], [ 77.133869921121445, 10.468561839013526, 0.0 ], [ 77.134026833279293, 10.468917951841512, 0.0 ], [ 77.134227117375474, 10.469132036094219, 0.0 ], [ 77.134527103212434, 10.469217798158715, 0.0 ], [ 77.134897882435126, 10.469274921489999, 0.0 ], [ 77.13588276161336, 10.468804157804252, 0.0 ], [ 77.13611108544255, 10.468803930091804, 0.0 ], [ 77.13649682176964, 10.469347251614392, 0.0 ], [ 77.137438774275566, 10.470773869270836, 0.0 ], [ 77.137937963263198, 10.471430844339908, 0.0 ], [ 77.138538201589171, 10.471858865501346, 0.0 ], [ 77.139493810713105, 10.472088037508138, 0.0 ], [ 77.1399510464191, 10.472102048283263, 0.0 ], [ 77.140393917173824, 10.472015964454659, 0.0 ], [ 77.140779015918611, 10.472159241407597, 0.0 ], [ 77.141064736509392, 10.472344105839335, 0.0 ], [ 77.141563906848091, 10.471931145229266, 0.0 ], [ 77.141619365576858, 10.471752576259123, 0.0 ], [ 77.14160479133767, 10.47190683727592, 0.0 ], [ 77.141034212130521, 10.472397148853112, 0.0 ], [ 77.141019074594666, 10.472753809514796, 0.0 ], [ 77.14127611796647, 10.472938765664342, 0.0 ], [ 77.141561787424834, 10.472938880521156, 0.0 ], [ 77.141532742483378, 10.472468256406266, 0.0 ], [ 77.141762041640661, 10.472440206814552, 0.0 ], [ 77.142046759279467, 10.472483128093424, 0.0 ], [ 77.14246089427894, 10.472554028648917, 0.0 ], [ 77.142831742232929, 10.472454233000967, 0.0 ], [ 77.143346113372758, 10.472225996083752, 0.0 ], [ 77.143916777219516, 10.471826177673842, 0.0 ], [ 77.14455923593772, 10.471368831992635, 0.0 ], [ 77.14483094189022, 10.47105519922199, 0.0 ], [ 77.144901801195019, 10.470341125743341, 0.0 ], [ 77.145101981476628, 10.469642176350607, 0.0 ], [ 77.145330042136138, 10.469369895089645, 0.0 ], [ 77.145758963490096, 10.46934222401549, 0.0 ], [ 77.146157900595256, 10.469227850310652, 0.0 ], [ 77.1465722452471, 10.469012793374592, 0.0 ], [ 77.146857925666694, 10.469027891980701, 0.0 ], [ 77.147300171802272, 10.46909920103286, 0.0 ], [ 77.147613755876904, 10.469385137059779, 0.0 ], [ 77.148270731276639, 10.469085173433438, 0.0 ], [ 77.148784779118103, 10.468756772998209, 0.0 ], [ 77.148955813206541, 10.46807075227076, 0.0 ], [ 77.14899911689615, 10.467557089483908, 0.0 ], [ 77.14909901537952, 10.467142815543106, 0.0 ], [ 77.149697927353373, 10.467142882982722, 0.0 ], [ 77.150168914244858, 10.467072187641808, 0.0 ], [ 77.150298149050968, 10.466872036760135, 0.0 ], [ 77.150198239168589, 10.466586966398216, 0.0 ], [ 77.150098072873845, 10.466387029545277, 0.0 ], [ 77.150312012757055, 10.466115869442564, 0.0 ], [ 77.150400107097369, 10.465994104139678, 0.0 ], [ 77.150655070744889, 10.465958883783738, 0.0 ], [ 77.151012129560911, 10.465943742111902, 0.0 ], [ 77.151325979190929, 10.465973178776489, 0.0 ], [ 77.151396812377584, 10.465429935358857, 0.0 ], [ 77.151510941596612, 10.465072909401728, 0.0 ], [ 77.151539959581896, 10.464845247639509, 0.0 ], [ 77.151840163527737, 10.464815850737443, 0.0 ], [ 77.152211193663703, 10.46478779523038, 0.0 ], [ 77.152538918254351, 10.464744876483993, 0.0 ], [ 77.152782056834965, 10.464302820293396, 0.0 ], [ 77.152909983173799, 10.46386005283243, 0.0 ], [ 77.15303892571913, 10.463574751205957, 0.0 ], [ 77.153481024209214, 10.463603196730686, 0.0 ], [ 77.154008880357097, 10.463717025148888, 0.0 ], [ 77.154651732442005, 10.463931153644335, 0.0 ], [ 77.155080109078568, 10.464074254892287, 0.0 ], [ 77.155366071078475, 10.464003133934289, 0.0 ], [ 77.155664985408322, 10.463746106904372, 0.0 ], [ 77.155651005191615, 10.463261023630089, 0.0 ], [ 77.155522987799714, 10.462975004392073, 0.0 ], [ 77.155821899636621, 10.462717978064804, 0.0 ], [ 77.156050738412176, 10.462546919457854, 0.0 ], [ 77.156216259328602, 10.462563263547521, 0.0 ], [ 77.156246807253723, 10.462447034279794, 0.0 ], [ 77.156663780862843, 10.462233115322967, 0.0 ], [ 77.157163734207202, 10.461904215205065, 0.0 ], [ 77.15757790692939, 10.461661818698541, 0.0 ], [ 77.158063188280622, 10.461833084591261, 0.0 ], [ 77.158534846889509, 10.461976040738822, 0.0 ], [ 77.158977154381901, 10.462076229806183, 0.0 ], [ 77.159362202270501, 10.461846759477332, 0.0 ], [ 77.159775866767404, 10.461276094619739, 0.0 ], [ 77.159991092754552, 10.461076187813068, 0.0 ], [ 77.160062199666854, 10.460788916243656, 0.0 ], [ 77.160161835807742, 10.460677178902007, 0.0 ], [ 77.160305134760222, 10.46030508146414, 0.0 ], [ 77.160658987934781, 10.459805207238293, 0.0 ], [ 77.160706022675086, 10.459245100188442, 0.0 ], [ 77.160730256605831, 10.458734017349702, 0.0 ], [ 77.161015111367774, 10.458709970430764, 0.0 ], [ 77.16152725628217, 10.458746127655877, 0.0 ], [ 77.161812263346391, 10.458889150049938, 0.0 ], [ 77.161825003102109, 10.45870913082738, 0.0 ], [ 77.161848013336879, 10.458841102632793, 0.0 ], [ 77.162821924390187, 10.460677137946906, 0.0 ], [ 77.163320869413141, 10.461390211550153, 0.0 ], [ 77.164178237331797, 10.462532065519703, 0.0 ], [ 77.165176965394735, 10.46338902931123, 0.0 ], [ 77.16582005507135, 10.464173933312853, 0.0 ], [ 77.166818957370651, 10.463715762128183, 0.0 ], [ 77.165855175819786, 10.464268835099711, 0.0 ], [ 77.166569166866381, 10.465458827768455, 0.0 ], [ 77.167460872638415, 10.4655180301556, 0.0 ], [ 77.168080058793322, 10.465245078747849, 0.0 ], [ 77.168554750181869, 10.465863077009766, 0.0 ], [ 77.168952033973596, 10.466544846801918, 0.0 ], [ 77.168031907442867, 10.467242932762577, 0.0 ], [ 77.16741307580773, 10.468004796303942, 0.0 ], [ 77.16722320823483, 10.468955798011068, 0.0 ], [ 77.167317923144765, 10.46981311888829, 0.0 ], [ 77.167723033763821, 10.471002813993714, 0.0 ], [ 77.168151179304118, 10.472168127181433, 0.0 ], [ 77.168865165319843, 10.473000966853068, 0.0 ], [ 77.169269190537676, 10.473239056090957, 0.0 ], [ 77.171196253083664, 10.471978042192037, 0.0 ], [ 77.172385959320493, 10.4726197689976, 0.0 ], [ 77.17333681026949, 10.473144144377576, 0.0 ], [ 77.173051978036213, 10.473666765928598, 0.0 ], [ 77.17281374893922, 10.474452827530005, 0.0 ], [ 77.17271925209063, 10.475166119706007, 0.0 ], [ 77.17267105624029, 10.475761032269364, 0.0 ], [ 77.172837748710833, 10.476212759800029, 0.0 ], [ 77.173504074970268, 10.476688932263507, 0.0 ], [ 77.17440776294076, 10.476998042094664, 0.0 ], [ 77.175003262771781, 10.47737916461667, 0.0 ], [ 77.175549958770389, 10.477998001309899, 0.0 ], [ 77.17590710941559, 10.478496884270921, 0.0 ], [ 77.17614496800077, 10.478878195854538, 0.0 ], [ 77.176668144035929, 10.478425755160449, 0.0 ], [ 77.177524832286792, 10.478045128436271, 0.0 ], [ 77.178214986457832, 10.478020855651094, 0.0 ], [ 77.178737956272613, 10.477308147354744, 0.0 ], [ 77.179261975443183, 10.476783971620462, 0.0 ], [ 77.179500146176039, 10.476546244515081, 0.0 ], [ 77.179666092414493, 10.47633177477838, 0.0 ], [ 77.179951091660598, 10.476022805564126, 0.0 ], [ 77.180107804268786, 10.475778035017164, 0.0 ], [ 77.180332033975773, 10.475333132576083, 0.0 ], [ 77.181189053009462, 10.473596086951435, 0.0 ], [ 77.182116248814594, 10.471596891930288, 0.0 ], [ 77.18299706619969, 10.46976481580994, 0.0 ], [ 77.183495809436423, 10.46871822288605, 0.0 ], [ 77.183662878158614, 10.468314232114601, 0.0 ], [ 77.184019962406566, 10.468314001841234, 0.0 ], [ 77.184637986688216, 10.468528227156632, 0.0 ], [ 77.184539730453096, 10.46745714835226, 0.0 ], [ 77.184495803138475, 10.467052979489823, 0.0 ], [ 77.184829255175075, 10.466671756089019, 0.0 ], [ 77.185257078739809, 10.466268022721106, 0.0 ], [ 77.186005238312319, 10.465517962391758, 0.0 ], [ 77.186157864566468, 10.465328211916411, 0.0 ], [ 77.18656501164547, 10.464911997031633, 0.0 ], [ 77.186965781067798, 10.465025152034478, 0.0 ], [ 77.187754842632231, 10.465268172043622, 0.0 ], [ 77.188064244038856, 10.465410898185096, 0.0 ], [ 77.188707228136479, 10.464697966274084, 0.0 ], [ 77.189269925119675, 10.464132252176041, 0.0 ], [ 77.189796025626336, 10.463466773049083, 0.0 ], [ 77.189972164828092, 10.46334796204067, 0.0 ], [ 77.19017001950759, 10.463085842809736, 0.0 ], [ 77.190673837711444, 10.462673959038895, 0.0 ], [ 77.191439959434447, 10.463472001633862, 0.0 ], [ 77.191940166741105, 10.464043119388689, 0.0 ], [ 77.192403855358435, 10.464292788707599, 0.0 ], [ 77.193260057506322, 10.463436040613606, 0.0 ], [ 77.193458049136552, 10.462793201178798, 0.0 ], [ 77.193523477977791, 10.462605854513399, 0.0 ], [ 77.193520420159246, 10.462600396515935, 0.0 ], [ 77.193256803180944, 10.462149728568246, 0.0 ], [ 77.193160818301536, 10.461873932050137, 0.0 ], [ 77.193168156622335, 10.461865076966923, 0.0 ], [ 77.193303931055752, 10.461692958673311, 0.0 ], [ 77.193712822701926, 10.461397805082854, 0.0 ], [ 77.194123248677812, 10.461073787285109, 0.0 ], [ 77.194410885120178, 10.460812019829413, 0.0 ], [ 77.19459803283037, 10.460703214761221, 0.0 ], [ 77.194893253109015, 10.460598059056091, 0.0 ], [ 77.195103049269747, 10.460616923789452, 0.0 ], [ 77.195284155672994, 10.460950209456945, 0.0 ], [ 77.195464226411005, 10.461501931316898, 0.0 ], [ 77.195568756695749, 10.461796755677058, 0.0 ], [ 77.195635882670416, 10.461921109062351, 0.0 ], [ 77.196063949419397, 10.461493264395285, 0.0 ], [ 77.196720967679084, 10.461187737979952, 0.0 ], [ 77.197054097633298, 10.461207014792581, 0.0 ], [ 77.197348882647717, 10.461616959138668, 0.0 ], [ 77.19753902111394, 10.46211225955156, 0.0 ], [ 77.197776966450192, 10.4624447847004, 0.0 ], [ 77.197920178281692, 10.462245068369503, 0.0 ], [ 77.198243180895389, 10.461521840867878, 0.0 ], [ 77.198433752940588, 10.461454912568525, 0.0 ], [ 77.199147055545197, 10.461007233821286, 0.0 ], [ 77.199585094787992, 10.460807825577428, 0.0 ], [ 77.199709072454425, 10.460883760541822, 0.0 ], [ 77.199755822524963, 10.461160032112577, 0.0 ], [ 77.199841971105542, 10.461501889166215, 0.0 ], [ 77.199966155328013, 10.461901789345706, 0.0 ], [ 77.200003824142271, 10.462159014144637, 0.0 ], [ 77.20015584939604, 10.462425986856534, 0.0 ], [ 77.200613205850658, 10.462796965693382, 0.0 ], [ 77.201112070413515, 10.463235206338616, 0.0 ], [ 77.201298164798303, 10.46337695651466, 0.0 ], [ 77.201383932831192, 10.463777169065153, 0.0 ], [ 77.20146917002586, 10.464019935213363, 0.0 ], [ 77.201554799614513, 10.464219876900923, 0.0 ], [ 77.20158413140328, 10.464405068876589, 0.0 ], [ 77.201640954495389, 10.464561736951547, 0.0 ], [ 77.20113201581789, 10.464965992377486, 0.0 ], [ 77.200770031532812, 10.46521884429125, 0.0 ], [ 77.200626802314417, 10.46541910066364, 0.0 ], [ 77.201626173486488, 10.467945991630007, 0.0 ], [ 77.201741085554374, 10.468159775164922, 0.0 ], [ 77.204138782170929, 10.467817040128796, 0.0 ], [ 77.204310214786631, 10.467646109391097, 0.0 ], [ 77.204538254498274, 10.466788995841016, 0.0 ], [ 77.20463798196289, 10.466532114400405, 0.0 ], [ 77.204866863664051, 10.465776237511268, 0.0 ], [ 77.205166982088144, 10.464647931168896, 0.0 ], [ 77.205294802436086, 10.463920246761175, 0.0 ], [ 77.205480876304847, 10.463291982841136, 0.0 ], [ 77.20558078317643, 10.462778084853944, 0.0 ], [ 77.205694954932213, 10.462164000401454, 0.0 ], [ 77.205765931458856, 10.461877774492141, 0.0 ], [ 77.205880213719084, 10.461763822014062, 0.0 ], [ 77.206180132514291, 10.461679148734527, 0.0 ], [ 77.206422950392579, 10.461492954403376, 0.0 ], [ 77.206694097251443, 10.461363938094483, 0.0 ], [ 77.207164957663878, 10.461122239432965, 0.0 ], [ 77.207621803674186, 10.460878996568374, 0.0 ], [ 77.208049776056413, 10.460735983045641, 0.0 ], [ 77.20884294769202, 10.460418923772856, 0.0 ], [ 77.209461791158461, 10.460703743537737, 0.0 ], [ 77.210246934800992, 10.461061091959996, 0.0 ], [ 77.210508877809843, 10.460632969533792, 0.0 ], [ 77.210247110763362, 10.460300202539759, 0.0 ], [ 77.20998506601903, 10.460085763511264, 0.0 ], [ 77.210674757518589, 10.459568161407292, 0.0 ], [ 77.21153224754319, 10.459157941711197, 0.0 ], [ 77.212173923961601, 10.458966956045279, 0.0 ], [ 77.212912101630678, 10.458895944659796, 0.0 ], [ 77.212887928612133, 10.458134778455324, 0.0 ], [ 77.212983012787873, 10.457539870283194, 0.0 ], [ 77.2135539278202, 10.457896950031289, 0.0 ], [ 77.213879009220349, 10.458260752143895, 0.0 ], [ 77.214220024929276, 10.458444104520893, 0.0 ], [ 77.215029266361569, 10.458777067289848, 0.0 ], [ 77.215814177045061, 10.459109743173164, 0.0 ], [ 77.216879737927613, 10.459792938310274, 0.0 ], [ 77.217509080298328, 10.460103241589271, 0.0 ], [ 77.218074134274204, 10.459180890588796, 0.0 ], [ 77.218311788688723, 10.458229869021244, 0.0 ], [ 77.218610248255743, 10.457367102439566, 0.0 ], [ 77.218758727965266, 10.45698120859203, 0.0 ], [ 77.21899573518499, 10.456742862651494, 0.0 ], [ 77.219509039123054, 10.456839891586172, 0.0 ], [ 77.220125924375765, 10.456771729766965, 0.0 ], [ 77.220839960274233, 10.456773224778665, 0.0 ], [ 77.22173222793046, 10.456862090656935, 0.0 ], [ 77.222773258980212, 10.456951126408324, 0.0 ], [ 77.224170988488368, 10.457129232627608, 0.0 ], [ 77.225331056207054, 10.457486224596339, 0.0 ], [ 77.226281773325837, 10.457843145075181, 0.0 ], [ 77.227234171668002, 10.458230101542043, 0.0 ], [ 77.228186261259097, 10.45846818438978, 0.0 ], [ 77.229078019714265, 10.45882525172815, 0.0 ], [ 77.229820794747198, 10.45906219577728, 0.0 ], [ 77.230208114026397, 10.459300072370155, 0.0 ], [ 77.230892256460876, 10.459211092814014, 0.0 ], [ 77.231545988669723, 10.459062190492469, 0.0 ], [ 77.232170854532441, 10.458586759713187, 0.0 ], [ 77.232827865253086, 10.45797800462962, 0.0 ], [ 77.233225203391157, 10.457653978794882, 0.0 ], [ 77.233690036641775, 10.457460186894156, 0.0 ], [ 77.234086924267601, 10.457165058864774, 0.0 ], [ 77.234445158405052, 10.45697197814161, 0.0 ], [ 77.235132210277229, 10.456370112944139, 0.0 ], [ 77.235325787718793, 10.456151169662906, 0.0 ], [ 77.23567089688251, 10.456262854833827, 0.0 ], [ 77.236050883511226, 10.456762839259699, 0.0 ], [ 77.236267200956917, 10.45630584393607, 0.0 ], [ 77.236316952480593, 10.455134871919888, 0.0 ], [ 77.236407764714826, 10.454741144188569, 0.0 ], [ 77.236502797345196, 10.453859765583916, 0.0 ], [ 77.236717101910827, 10.452574909301614, 0.0 ], [ 77.236860231647228, 10.451599839380108, 0.0 ], [ 77.237121864384932, 10.450386185521893, 0.0 ], [ 77.237526224634479, 10.450409893533303, 0.0 ], [ 77.237859175050431, 10.450386233535763, 0.0 ], [ 77.238042228410563, 10.450189963765187, 0.0 ], [ 77.237716932926674, 10.449767859844645, 0.0 ], [ 77.237454878340742, 10.449268092387728, 0.0 ], [ 77.237621225047334, 10.449054130877649, 0.0 ], [ 77.238892218341533, 10.448823057087854, 0.0 ], [ 77.239382015601024, 10.448815886121308, 0.0 ], [ 77.239738759600783, 10.44893490867018, 0.0 ], [ 77.239810139084, 10.449315850407157, 0.0 ], [ 77.239762796095334, 10.449720128221834, 0.0 ], [ 77.239901791376155, 10.450021946437396, 0.0 ], [ 77.240301824234876, 10.450093155820218, 0.0 ], [ 77.240744021489817, 10.45016523895673, 0.0 ], [ 77.241073033303351, 10.450478766353969, 0.0 ], [ 77.241458105818381, 10.450893224573743, 0.0 ], [ 77.241728899920986, 10.451264238209752, 0.0 ], [ 77.242014853880036, 10.451492260415352, 0.0 ], [ 77.242428785426526, 10.451948911520233, 0.0 ], [ 77.242756906542581, 10.452177807198831, 0.0 ], [ 77.243213746025006, 10.452391729467863, 0.0 ], [ 77.244256052766573, 10.452648779067122, 0.0 ], [ 77.244884848709702, 10.452706203943437, 0.0 ], [ 77.245527035548776, 10.452577203732858, 0.0 ], [ 77.246441237556368, 10.452434799720125, 0.0 ], [ 77.247126246499036, 10.452192102994518, 0.0 ], [ 77.247571162498559, 10.451899084607323, 0.0 ], [ 77.248154232718349, 10.451806115003478, 0.0 ], [ 77.248697107610013, 10.451606854476715, 0.0 ], [ 77.249049174256143, 10.451212746366068, 0.0 ], [ 77.249193839364423, 10.451174205920976, 0.0 ], [ 77.249189138420419, 10.45023274753251, 0.0 ], [ 77.249212903788447, 10.449852845006053, 0.0 ], [ 77.249278786649, 10.449633909306549, 0.0 ], [ 77.24936208417455, 10.449284908825579, 0.0 ], [ 77.24971325458489, 10.448996253692769, 0.0 ], [ 77.250141136392841, 10.448424772415809, 0.0 ], [ 77.250807244603237, 10.44716411041613, 0.0 ], [ 77.251139894330095, 10.446450240192252, 0.0 ], [ 77.251436154862944, 10.446074083110677, 0.0 ], [ 77.25180997437748, 10.446057109513259, 0.0 ], [ 77.252381816481986, 10.445911814381574, 0.0 ], [ 77.252162764878634, 10.445688727709852, 0.0 ], [ 77.252281725740588, 10.445261142593898, 0.0 ], [ 77.252198750566549, 10.444266764995801, 0.0 ], [ 77.252024055246068, 10.44415492156479, 0.0 ], [ 77.251513057605507, 10.444118058414562, 0.0 ], [ 77.251282857941504, 10.443904772833902, 0.0 ], [ 77.250830914282361, 10.443738163765497, 0.0 ], [ 77.250568840262048, 10.443380855338471, 0.0 ], [ 77.250711909149501, 10.443118990156734, 0.0 ], [ 77.251344847467124, 10.44246601893269, 0.0 ], [ 77.25199678139316, 10.441811003536239, 0.0 ], [ 77.252306161524203, 10.440953948437706, 0.0 ], [ 77.252481144599102, 10.440437755061897, 0.0 ], [ 77.252848258430205, 10.440204247576697, 0.0 ], [ 77.252992959685358, 10.44018016279141, 0.0 ], [ 77.253924240623533, 10.440025975824426, 0.0 ], [ 77.254320257938204, 10.440135024337286, 0.0 ], [ 77.254351783031581, 10.439669728871879, 0.0 ], [ 77.254423149526545, 10.439193983969743, 0.0 ], [ 77.254911078661735, 10.439177061236711, 0.0 ], [ 77.256089129662044, 10.439050900702599, 0.0 ], [ 77.256541014256399, 10.438742041321181, 0.0 ], [ 77.256779005024228, 10.43845603376935, 0.0 ], [ 77.256659985077135, 10.438075136131731, 0.0 ], [ 77.256492806394945, 10.437647123517117, 0.0 ], [ 77.256349973877391, 10.437075897920417, 0.0 ], [ 77.256207963940824, 10.436575910140919, 0.0 ], [ 77.256159751213829, 10.435862746021058, 0.0 ], [ 77.255898217458707, 10.435457825250916, 0.0 ], [ 77.255755818167742, 10.435303163548971, 0.0 ], [ 77.256263739309574, 10.435191065916314, 0.0 ], [ 77.257165126735757, 10.435342117156766, 0.0 ], [ 77.257619781287076, 10.435476131892766, 0.0 ], [ 77.257989227683112, 10.435523246683484, 0.0 ], [ 77.258359001732458, 10.435560734127998, 0.0 ], [ 77.258370007931063, 10.435714227053602, 0.0 ], [ 77.258392906269762, 10.43601106997003, 0.0 ], [ 77.258440799664086, 10.436368176418728, 0.0 ], [ 77.25842918165273, 10.436534836477799, 0.0 ], [ 77.258856737379062, 10.436559256814721, 0.0 ], [ 77.259224808648213, 10.436471935293465, 0.0 ], [ 77.259321084077584, 10.436153898659279, 0.0 ], [ 77.259451781288547, 10.435762052350693, 0.0 ], [ 77.259998837945005, 10.434976099182386, 0.0 ], [ 77.260463014863547, 10.43451184005669, 0.0 ], [ 77.261093943316467, 10.434536067783863, 0.0 ], [ 77.261581243124695, 10.434346166887556, 0.0 ], [ 77.261593082556345, 10.433631799217128, 0.0 ], [ 77.261627987103211, 10.433161808781652, 0.0 ], [ 77.261653127172025, 10.432644914276928, 0.0 ], [ 77.261653248825283, 10.43237079398761, 0.0 ], [ 77.261237056944026, 10.432442061526876, 0.0 ], [ 77.2601302643981, 10.432430894048581, 0.0 ], [ 77.259558849764588, 10.432454153714639, 0.0 ], [ 77.259094895925372, 10.4324188854747, 0.0 ], [ 77.258868920124669, 10.432145262351192, 0.0 ], [ 77.258346004412374, 10.431633128724345, 0.0 ], [ 77.258119976462936, 10.431202096711324, 0.0 ], [ 77.257596027753351, 10.429989095428263, 0.0 ], [ 77.257309836679013, 10.429561948727676, 0.0 ], [ 77.257019819370001, 10.428643184601802, 0.0 ], [ 77.256669108243287, 10.42806183695526, 0.0 ], [ 77.255573769138508, 10.426682024968725, 0.0 ], [ 77.255288958033063, 10.425706154432397, 0.0 ], [ 77.254765095610466, 10.424777994215475, 0.0 ], [ 77.254241998793006, 10.423350885308556, 0.0 ], [ 77.254052112440192, 10.422303773109231, 0.0 ], [ 77.25487173625379, 10.42204200678562, 0.0 ], [ 77.255216823446986, 10.422374742527294, 0.0 ], [ 77.255764161215339, 10.422898927951634, 0.0 ], [ 77.256382926369454, 10.423565228074434, 0.0 ], [ 77.25676396264123, 10.423540990272675, 0.0 ], [ 77.257251246502975, 10.423302928691246, 0.0 ], [ 77.257736798766757, 10.423227028135008, 0.0 ], [ 77.258001005008794, 10.423505130536979, 0.0 ], [ 77.258285780850414, 10.423719137123761, 0.0 ], [ 77.258440998561767, 10.423910087326178, 0.0 ], [ 77.258750109900987, 10.423837939742763, 0.0 ], [ 77.2590477988863, 10.423672254609768, 0.0 ], [ 77.259547239941668, 10.423362849303873, 0.0 ], [ 77.259773185480796, 10.423302919376368, 0.0 ], [ 77.259809119238142, 10.422945947574568, 0.0 ], [ 77.259677905995531, 10.42225575597449, 0.0 ], [ 77.25958287923109, 10.42137617781874, 0.0 ], [ 77.259618828733807, 10.420971025514699, 0.0 ], [ 77.259995182783783, 10.420479776924957, 0.0 ], [ 77.260147916198505, 10.420218784463174, 0.0 ], [ 77.262033235614354, 10.418945827302846, 0.0 ], [ 77.263790108981652, 10.41744104568439, 0.0 ], [ 77.264481269524268, 10.416899775794668, 0.0 ], [ 77.265450034423381, 10.416241931477545, 0.0 ], [ 77.266185787613509, 10.415693039025539, 0.0 ], [ 77.266647075452227, 10.415406977176792, 0.0 ], [ 77.267199984627297, 10.414970848606284, 0.0 ], [ 77.267266928727949, 10.414591898338102, 0.0 ], [ 77.267232249716187, 10.414386772346971, 0.0 ], [ 77.267305266517397, 10.41478483288263, 0.0 ], [ 77.267713869277273, 10.414871768865126, 0.0 ], [ 77.268011788627931, 10.41508083240215, 0.0 ], [ 77.268755111438139, 10.415408032740908, 0.0 ], [ 77.269591860829507, 10.415579868458892, 0.0 ], [ 77.269736953547337, 10.41595784050387, 0.0 ], [ 77.26978420007687, 10.416254932071432, 0.0 ], [ 77.269712855548107, 10.416684063783766, 0.0 ], [ 77.269714232881341, 10.417073855512447, 0.0 ], [ 77.26968921088006, 10.417396920047345, 0.0 ], [ 77.269927191809757, 10.417539744532816, 0.0 ], [ 77.27013393361328, 10.418172997468421, 0.0 ], [ 77.270936886551695, 10.418114030123387, 0.0 ], [ 77.272274870616585, 10.418114061385799, 0.0 ], [ 77.273345944161917, 10.417994927378661, 0.0 ], [ 77.274000144952765, 10.41790476798108, 0.0 ], [ 77.274535113073512, 10.418173089011669, 0.0 ], [ 77.275100231382041, 10.418589100366468, 0.0 ], [ 77.275516867442022, 10.419333179276872, 0.0 ], [ 77.275873832464086, 10.419986941453901, 0.0 ], [ 77.276231005388922, 10.420522929310565, 0.0 ], [ 77.276915204678858, 10.420313828014121, 0.0 ], [ 77.277143155607135, 10.418996889191451, 0.0 ], [ 77.277538757066694, 10.418542108801457, 0.0 ], [ 77.278109873135534, 10.418541791118534, 0.0 ], [ 77.278410030674223, 10.418845134206471, 0.0 ], [ 77.279109115234661, 10.418898848455449, 0.0 ], [ 77.279572941087153, 10.418042124556342, 0.0 ], [ 77.279904940866729, 10.417532763630684, 0.0 ], [ 77.280782130618178, 10.417053801256049, 0.0 ], [ 77.28114125224684, 10.416589774411797, 0.0 ], [ 77.28178626252901, 10.416579044377947, 0.0 ], [ 77.282285085561341, 10.41682900424807, 0.0 ], [ 77.282749055376982, 10.417150081127646, 0.0 ], [ 77.283178079412949, 10.416649820693888, 0.0 ], [ 77.283783859628372, 10.416008194896254, 0.0 ], [ 77.284498052210992, 10.415614821304901, 0.0 ], [ 77.284784064177927, 10.415425146406749, 0.0 ], [ 77.285461770419076, 10.415151015739472, 0.0 ], [ 77.286567821788864, 10.415115924503366, 0.0 ], [ 77.288018829694991, 10.415211099516307, 0.0 ], [ 77.290474165082045, 10.415496903962943, 0.0 ], [ 77.292348900027321, 10.415568049669966, 0.0 ], [ 77.295893738189008, 10.41582877531429, 0.0 ], [ 77.29870115298165, 10.416114835620277, 0.0 ], [ 77.299915044112737, 10.416281822335685, 0.0 ], [ 77.300034132898148, 10.416519173563227, 0.0 ], [ 77.300010115644142, 10.417376029426206, 0.0 ], [ 77.300034265465811, 10.41827998530896, 0.0 ], [ 77.299985902076472, 10.419137113568942, 0.0 ], [ 77.299890890860013, 10.420206850993678, 0.0 ], [ 77.299891234446363, 10.421111101240596, 0.0 ], [ 77.299890964689013, 10.42251483721207, 0.0 ], [ 77.301318083050106, 10.422871955791939, 0.0 ], [ 77.302794050415841, 10.422967268965708, 0.0 ], [ 77.30398286744088, 10.423109839077604, 0.0 ], [ 77.305552947858729, 10.423205017594919, 0.0 ], [ 77.30631525384365, 10.423229096962766, 0.0 ], [ 77.3069329409321, 10.423372073449885, 0.0 ], [ 77.308266151383364, 10.423466903835962, 0.0 ], [ 77.30917010615434, 10.423396059200154, 0.0 ], [ 77.310026251716039, 10.423395908387997, 0.0 ], [ 77.311049009569729, 10.42349118622654, 0.0 ], [ 77.311810874571478, 10.423657095686474, 0.0 ], [ 77.312856924952726, 10.423847889289815, 0.0 ], [ 77.31542674378889, 10.423919140247374, 0.0 ], [ 77.316973254693607, 10.423846915153064, 0.0 ], [ 77.318092045261182, 10.424013830992303, 0.0 ], [ 77.319780879113779, 10.424180752478872, 0.0 ], [ 77.321064913773242, 10.424323099548875, 0.0 ], [ 77.321850227514219, 10.424370873249508, 0.0 ], [ 77.322880910567349, 10.424359251639581, 0.0 ], [ 77.322461799917519, 10.423826161157868, 0.0 ], [ 77.321985873521456, 10.423406842805562, 0.0 ], [ 77.321548752563942, 10.422798207280509, 0.0 ], [ 77.321091816849091, 10.42194211470745, 0.0 ], [ 77.320883220940857, 10.42117984961822, 0.0 ], [ 77.320501813767649, 10.420780770390628, 0.0 ], [ 77.320272797328272, 10.420304792129059, 0.0 ], [ 77.31998788331795, 10.419447937461154, 0.0 ], [ 77.319836059897938, 10.418895801603359, 0.0 ], [ 77.319703173221853, 10.418440119500413, 0.0 ], [ 77.319303081569004, 10.418001880323667, 0.0 ], [ 77.319207865349199, 10.417696804174181, 0.0 ], [ 77.319216145331666, 10.417305192827863, 0.0 ], [ 77.319524899950167, 10.416662212094927, 0.0 ], [ 77.319714975924896, 10.416090813771413, 0.0 ], [ 77.319702722817595, 10.41548920515808, 0.0 ], [ 77.319416942537259, 10.415012973754955, 0.0 ], [ 77.31926493195752, 10.414498850627112, 0.0 ], [ 77.319150274823997, 10.413870856418328, 0.0 ], [ 77.318903215049517, 10.413224052891607, 0.0 ], [ 77.318712843609674, 10.412596246953862, 0.0 ], [ 77.318770189336036, 10.412176813643907, 0.0 ], [ 77.318997962643195, 10.411738897763176, 0.0 ], [ 77.319397958658158, 10.411245083397745, 0.0 ], [ 77.31945484970062, 10.410806900042594, 0.0 ], [ 77.319398154483991, 10.410159943446148, 0.0 ], [ 77.319835909138064, 10.409378823172077, 0.0 ], [ 77.31966388059233, 10.408865123850473, 0.0 ], [ 77.319626109359049, 10.408218259481155, 0.0 ], [ 77.319950192441055, 10.407665742758693, 0.0 ], [ 77.32042697698175, 10.407090947053332, 0.0 ], [ 77.320120759228175, 10.406466842302043, 0.0 ], [ 77.319644760794333, 10.406277199448564, 0.0 ], [ 77.319036029294566, 10.405933829198595, 0.0 ], [ 77.318693958547456, 10.405363148439603, 0.0 ], [ 77.318540880820279, 10.404849008446385, 0.0 ], [ 77.318465137207298, 10.404334737404442, 0.0 ], [ 77.318255796555547, 10.404030739157557, 0.0 ], [ 77.317988906685017, 10.403669172558647, 0.0 ], [ 77.317570851934946, 10.403574043621422, 0.0 ], [ 77.317056975485755, 10.403498243344522, 0.0 ], [ 77.316904808763738, 10.403230922384916, 0.0 ], [ 77.316923751103175, 10.40281184702677, 0.0 ], [ 77.316905112430163, 10.402127082968079, 0.0 ], [ 77.316942739018884, 10.401650809103112, 0.0 ], [ 77.316999810747092, 10.401175176197441, 0.0 ], [ 77.316961770647453, 10.40058506576335, 0.0 ], [ 77.316891404808246, 10.400178273557103, 0.0 ], [ 77.317333340816205, 10.400212397824772, 0.0 ], [ 77.31767300227321, 10.400419505929579, 0.0 ], [ 77.317937224374134, 10.400232273027239, 0.0 ], [ 77.318195213894981, 10.400021280445328, 0.0 ], [ 77.318666547154336, 10.400059274080528, 0.0 ], [ 77.318934088215684, 10.400320750222516, 0.0 ], [ 77.31925033819121, 10.400629331284447, 0.0 ], [ 77.319400633182639, 10.400888020166461, 0.0 ], [ 77.319489088817619, 10.401039750820797, 0.0 ], [ 77.319660041055442, 10.401343551503048, 0.0 ], [ 77.319760434904538, 10.401671262183511, 0.0 ], [ 77.319805908027675, 10.40194363372701, 0.0 ], [ 77.319911401412696, 10.402473866966876, 0.0 ], [ 77.320217774085478, 10.402786941293835, 0.0 ], [ 77.320566637883871, 10.402913512167284, 0.0 ], [ 77.320930345034924, 10.403097315367997, 0.0 ], [ 77.321107126388341, 10.403469295270932, 0.0 ], [ 77.321355355944178, 10.404016537205434, 0.0 ], [ 77.321774762612208, 10.403636325245699, 0.0 ], [ 77.32206323477169, 10.403419365875028, 0.0 ], [ 77.322321311897269, 10.40304455516385, 0.0 ], [ 77.322465249072238, 10.402928838483602, 0.0 ], [ 77.322540303061089, 10.403286765002347, 0.0 ], [ 77.322673766489117, 10.403644470958378, 0.0 ], [ 77.322937104613445, 10.404015547544333, 0.0 ], [ 77.323626363038755, 10.404811760164087, 0.0 ], [ 77.32393292712311, 10.40537751286521, 0.0 ], [ 77.324328500836515, 10.405853043029651, 0.0 ], [ 77.324936034849856, 10.406296993930308, 0.0 ], [ 77.325209209591648, 10.406504044693188, 0.0 ], [ 77.325213337985716, 10.40704219407252, 0.0 ], [ 77.325215064751674, 10.407281011495416, 0.0 ], [ 77.32497412922892, 10.407402646432544, 0.0 ], [ 77.324547693344158, 10.407621505461506, 0.0 ], [ 77.324618272269575, 10.40824214205484, 0.0 ], [ 77.324891526600581, 10.408479176588434, 0.0 ], [ 77.325203648573023, 10.408282791288535, 0.0 ], [ 77.325825410963972, 10.408173667638964, 0.0 ], [ 77.325978045943259, 10.408411555165213, 0.0 ], [ 77.32607375591401, 10.408831194624817, 0.0 ], [ 77.326764709485587, 10.408674552930933, 0.0 ], [ 77.327155687885579, 10.408432572833721, 0.0 ], [ 77.3274344792829, 10.408585200546291, 0.0 ], [ 77.327739799081868, 10.408769213418177, 0.0 ], [ 77.327935168311086, 10.408909999874297, 0.0 ], [ 77.328075258704274, 10.408715453383905, 0.0 ], [ 77.328333332134079, 10.408356684270172, 0.0 ], [ 77.328392323743614, 10.408274572956209, 0.0 ], [ 77.328993387625189, 10.407911540448373, 0.0 ], [ 77.329294197437846, 10.407729764928023, 0.0 ], [ 77.329747879074574, 10.407875816313235, 0.0 ], [ 77.33011286642818, 10.408232020084041, 0.0 ], [ 77.330566300233926, 10.408288659211216, 0.0 ], [ 77.331051852529541, 10.408613485537588, 0.0 ], [ 77.331446435639307, 10.408909629135357, 0.0 ], [ 77.332024666551931, 10.409503023391563, 0.0 ], [ 77.332299405531245, 10.409889989001629, 0.0 ], [ 77.332935258324028, 10.410183873621223, 0.0 ], [ 77.333903584699314, 10.410416388707958, 0.0 ], [ 77.334477824665612, 10.410531582635064, 0.0 ], [ 77.335232407357694, 10.410525810874455, 0.0 ], [ 77.335895526998087, 10.410312000232869, 0.0 ], [ 77.336589439218457, 10.410276929870591, 0.0 ], [ 77.337342970918939, 10.410092308072555, 0.0 ], [ 77.337826954938421, 10.410238256928656, 0.0 ], [ 77.338131238213563, 10.410534636237651, 0.0 ], [ 77.338497128711822, 10.41101023262755, 0.0 ], [ 77.338648325383431, 10.411680084850968, 0.0 ], [ 77.338675570521232, 10.412062143876474, 0.0 ], [ 77.338556983214602, 10.412374113150586, 0.0 ], [ 77.338464489532356, 10.412924632199909, 0.0 ], [ 77.338565361263548, 10.413449902278963, 0.0 ], [ 77.339122660109823, 10.41373262305939, 0.0 ], [ 77.3398254842635, 10.414062401303378, 0.0 ], [ 77.340382758093767, 10.414297470608352, 0.0 ], [ 77.341084097949377, 10.414364337098167, 0.0 ], [ 77.341566007500347, 10.414216834837177, 0.0 ], [ 77.342096324167869, 10.414093400572023, 0.0 ], [ 77.34253006436235, 10.413946995004428, 0.0 ], [ 77.342965560889638, 10.414039411734004, 0.0 ], [ 77.343283635071671, 10.414587314803347, 0.0 ], [ 77.343626074662112, 10.415134409630809, 0.0 ], [ 77.343776010148403, 10.415826709863913, 0.0 ], [ 77.343853438117989, 10.416471669066741, 0.0 ], [ 77.343930603381907, 10.417140712276355, 0.0 ], [ 77.344153592544572, 10.417880378198868, 0.0 ], [ 77.344495177238997, 10.418356246897938, 0.0 ], [ 77.344788894232593, 10.418808064283152, 0.0 ], [ 77.344842291237583, 10.419525053130791, 0.0 ], [ 77.344991357084311, 10.420097949321596, 0.0 ], [ 77.345164738516146, 10.420622924032829, 0.0 ], [ 77.345581179189736, 10.42143263478069, 0.0 ], [ 77.345972056149961, 10.422003807727707, 0.0 ], [ 77.346435157867205, 10.422550039330632, 0.0 ], [ 77.346702826309723, 10.422859135131013, 0.0 ], [ 77.347722651966635, 10.423545099791694, 0.0 ], [ 77.348836715686403, 10.423919341575735, 0.0 ], [ 77.349036867250575, 10.424874561929153, 0.0 ], [ 77.349719535559402, 10.425729916081979, 0.0 ], [ 77.350208467543169, 10.426491672121806, 0.0 ], [ 77.350649858131504, 10.427349313666737, 0.0 ], [ 77.351139408523167, 10.428206388596717, 0.0 ], [ 77.352014030631025, 10.428869387568367, 0.0 ], [ 77.35360889465295, 10.428953601549104, 0.0 ], [ 77.355010097127007, 10.429038970732591, 0.0 ], [ 77.356171174680298, 10.429221423564783, 0.0 ], [ 77.357041111923238, 10.429262663185213, 0.0 ], [ 77.358442283411719, 10.42930034866662, 0.0 ], [ 77.359114951347919, 10.42881742804385, 0.0 ], [ 77.360176240751997, 10.428618080189818, 0.0 ], [ 77.361091330323148, 10.428228717403474, 0.0 ], [ 77.361621403111528, 10.428081102508166, 0.0 ], [ 77.362348700094842, 10.428410511024273, 0.0 ], [ 77.363219232226072, 10.428547564885141, 0.0 ], [ 77.363777442317144, 10.428464568704483, 0.0 ], [ 77.364907996190937, 10.428296353466637, 0.0 ], [ 77.36519257783948, 10.427528792807765, 0.0 ], [ 77.364847927311189, 10.426670602651782, 0.0 ], [ 77.363877026954555, 10.426104131976812, 0.0 ], [ 77.364141840038101, 10.425557044184776, 0.0 ], [ 77.363898494817292, 10.425295884548282, 0.0 ], [ 77.363296606422921, 10.425586786619901, 0.0 ], [ 77.362981060498981, 10.425350040968583, 0.0 ], [ 77.36251850009819, 10.42489917318462, 0.0 ], [ 77.362273666388816, 10.42442274419138, 0.0 ], [ 77.362679786480101, 10.423822448805259, 0.0 ], [ 77.362697937169514, 10.423032838275647, 0.0 ], [ 77.362497434463577, 10.422101726949945, 0.0 ], [ 77.362346784024581, 10.421314114751759, 0.0 ], [ 77.362127217933732, 10.421005013198531, 0.0 ], [ 77.362489411529211, 10.421025920373744, 0.0 ], [ 77.362559223090059, 10.420666826560566, 0.0 ], [ 77.362268055192672, 10.420477989844713, 0.0 ], [ 77.36207319127675, 10.420288009072653, 0.0 ], [ 77.362143898620161, 10.42004833099025, 0.0 ], [ 77.362554203659229, 10.42002101779039, 0.0 ], [ 77.362601982129249, 10.419901583719545, 0.0 ], [ 77.36208465529748, 10.419520676572933, 0.0 ], [ 77.362354228679266, 10.419090469637831, 0.0 ], [ 77.362741323138508, 10.419159299364541, 0.0 ], [ 77.362690820769316, 10.418872842858752, 0.0 ], [ 77.362833762817516, 10.418656399111871, 0.0 ], [ 77.363171847107779, 10.418654033766774, 0.0 ], [ 77.363678934339163, 10.418578477441296, 0.0 ], [ 77.363673051397129, 10.417860908378362, 0.0 ], [ 77.363063970015645, 10.417100663567211, 0.0 ], [ 77.362864089003608, 10.416264887146722, 0.0 ], [ 77.36281238461001, 10.416030859197106, 0.0 ], [ 77.363023759340038, 10.415838062224939, 0.0 ], [ 77.36348533143294, 10.415585964594705, 0.0 ], [ 77.363151242756828, 10.414785435723781, 0.0 ], [ 77.363108646426639, 10.414326324408188, 0.0 ], [ 77.362853389903805, 10.413773556635233, 0.0 ], [ 77.362636883117688, 10.413258991434002, 0.0 ], [ 77.362172012204184, 10.41309019424148, 0.0 ], [ 77.361957518739217, 10.412824094917749, 0.0 ], [ 77.361741134751938, 10.412289726386726, 0.0 ], [ 77.361308850404953, 10.4113366411675, 0.0 ], [ 77.361284414420084, 10.410705747594953, 0.0 ], [ 77.361029189544752, 10.410152449637883, 0.0 ], [ 77.360832077117522, 10.409656722479728, 0.0 ], [ 77.360752916602507, 10.409370411920484, 0.0 ], [ 77.360209314673881, 10.409049148583359, 0.0 ], [ 77.359591146343618, 10.409034876304109, 0.0 ], [ 77.359221975435247, 10.408769620344247, 0.0 ], [ 77.359007054664133, 10.40848423463313, 0.0 ], [ 77.358578451449262, 10.407990056459507, 0.0 ], [ 77.358439239017642, 10.407493542027025, 0.0 ], [ 77.358320443020503, 10.407130992528666, 0.0 ], [ 77.35816203477286, 10.406577643249033, 0.0 ], [ 77.358135332337753, 10.406340155185974, 0.0 ], [ 77.358099921158924, 10.406023154146029, 0.0 ], [ 77.357572767052602, 10.405338396341389, 0.0 ], [ 77.357163642483769, 10.404844319799311, 0.0 ], [ 77.356987238208475, 10.404539314225316, 0.0 ], [ 77.356830737781166, 10.404253694830947, 0.0 ], [ 77.356711948724211, 10.403891148597824, 0.0 ], [ 77.356361922402343, 10.403587435937816, 0.0 ], [ 77.356012033706904, 10.403360814154462, 0.0 ], [ 77.355682084531807, 10.403152508334349, 0.0 ], [ 77.355679831312045, 10.402846764040437, 0.0 ], [ 77.355676748298194, 10.402387354989965, 0.0 ], [ 77.35582814426273, 10.401965644288445, 0.0 ], [ 77.356015606705853, 10.401256572950292, 0.0 ], [ 77.355935511930014, 10.400836407958948, 0.0 ], [ 77.355604181163628, 10.400474957159744, 0.0 ], [ 77.355178186764704, 10.400325613918172, 0.0 ], [ 77.354964845395273, 10.400269399130794, 0.0 ], [ 77.354673138229472, 10.399984720517136, 0.0 ], [ 77.354668807311498, 10.399449260586724, 0.0 ], [ 77.354491213502982, 10.398953110916841, 0.0 ], [ 77.354410685730258, 10.398513663156299, 0.0 ], [ 77.354409738296908, 10.398379803248554, 0.0 ], [ 77.354447138599994, 10.398393336769022, 0.0 ], [ 77.354851240884258, 10.39816082176727, 0.0 ], [ 77.355139305495342, 10.397986613949266, 0.0 ], [ 77.355447491345274, 10.397792720634863, 0.0 ], [ 77.355501634204657, 10.397352318914717, 0.0 ], [ 77.35580961607198, 10.397196961240679, 0.0 ], [ 77.356325665507825, 10.396427967929792, 0.0 ], [ 77.356475053299704, 10.395757817182185, 0.0 ], [ 77.35647317231782, 10.395489565632454, 0.0 ], [ 77.356292793146949, 10.395060783919897, 0.0 ], [ 77.35592512708385, 10.394556834396349, 0.0 ], [ 77.356447758421538, 10.394629030667415, 0.0 ], [ 77.357182032068266, 10.394662095610325, 0.0 ], [ 77.357819343282245, 10.394619191065459, 0.0 ], [ 77.358377323459095, 10.394327989521349, 0.0 ], [ 77.359063877077446, 10.393780286613396, 0.0 ], [ 77.359607416205733, 10.393776604460344, 0.0 ], [ 77.360396285891213, 10.394248778500343, 0.0 ], [ 77.361124745414372, 10.394781610039511, 0.0 ], [ 77.362092489490365, 10.395013366954604, 0.0 ], [ 77.363062010415334, 10.395484458128669, 0.0 ], [ 77.363847672163303, 10.395598389168244, 0.0 ], [ 77.364393029725946, 10.395832960199213, 0.0 ], [ 77.365727612125497, 10.39666013347353, 0.0 ], [ 77.366941769353758, 10.397548147510692, 0.0 ], [ 77.368137003636107, 10.397443602531919, 0.0 ], [ 77.369078955045708, 10.397508526840253, 0.0 ], [ 77.369858350108913, 10.397779067614456, 0.0 ], [ 77.370399890212482, 10.397510299092687, 0.0 ], [ 77.371582699616923, 10.396802560875274, 0.0 ], [ 77.37229580617435, 10.396479948544531, 0.0 ], [ 77.372905247531932, 10.395614906249236, 0.0 ], [ 77.373262549285727, 10.39496649327717, 0.0 ], [ 77.373399717721441, 10.393961368646787, 0.0 ], [ 77.373206235225965, 10.392312768665944, 0.0 ], [ 77.372910609253793, 10.391526433867167, 0.0 ], [ 77.372355966224504, 10.390024013390144, 0.0 ], [ 77.371658542221937, 10.388881488823513, 0.0 ], [ 77.371253493592675, 10.387987754076406, 0.0 ], [ 77.370738885751109, 10.387023009586001, 0.0 ], [ 77.370297287042078, 10.386057966202435, 0.0 ], [ 77.369673112888663, 10.385022748285794, 0.0 ], [ 77.369344755296865, 10.384702130291252, 0.0 ], [ 77.369085854749414, 10.383950728103263, 0.0 ], [ 77.368751575682154, 10.38291317436126, 0.0 ], [ 77.368346883510782, 10.382091190208978, 0.0 ], [ 77.36837902993787, 10.381481483349729, 0.0 ], [ 77.368294186742773, 10.380650111330167, 0.0 ], [ 77.367905422408484, 10.379918577735275, 0.0 ], [ 77.367852067477784, 10.379164779841721, 0.0 ], [ 77.367886098692665, 10.378579763959561, 0.0 ], [ 77.368380584428081, 10.377837384257251, 0.0 ], [ 77.368500627551086, 10.377771707343943, 0.0 ], [ 77.3687670439773, 10.377547538165651, 0.0 ], [ 77.368830178133152, 10.377274464784353, 0.0 ], [ 77.369011624401267, 10.376971521240979, 0.0 ], [ 77.369216650684265, 10.376625988707042, 0.0 ], [ 77.369380656521628, 10.376294643890501, 0.0 ], [ 77.36951604585731, 10.375978425881428, 0.0 ], [ 77.369651464246317, 10.375726441038038, 0.0 ], [ 77.369735421114285, 10.375330935989457, 0.0 ], [ 77.369663688809354, 10.37456049656398, 0.0 ], [ 77.3696584886994, 10.373903024277649, 0.0 ], [ 77.369646458125786, 10.373890856920504, 0.0 ], [ 77.369889425494122, 10.374128392754857, 0.0 ], [ 77.369985651967284, 10.374845030967064, 0.0 ], [ 77.370020506376321, 10.375472425362434, 0.0 ], [ 77.370023382858037, 10.375890561772682, 0.0 ], [ 77.369977282182973, 10.376204333519407, 0.0 ], [ 77.369966120218194, 10.376279978182909, 0.0 ], [ 77.36957863559654, 10.376910223190132, 0.0 ], [ 77.369221598149451, 10.377600339647342, 0.0 ], [ 77.369407409813689, 10.378256742142554, 0.0 ], [ 77.369623348736539, 10.378852570266107, 0.0 ], [ 77.370141126497757, 10.379476422430464, 0.0 ], [ 77.370160014097763, 10.379754309226488, 0.0 ], [ 77.370175081064446, 10.379984432491371, 0.0 ], [ 77.37039012405485, 10.380460867554712, 0.0 ], [ 77.370755143436412, 10.380816928756989, 0.0 ], [ 77.370760871279941, 10.380823538466254, 0.0 ], [ 77.371242377209029, 10.381351466546828, 0.0 ], [ 77.371637957750139, 10.381796841929051, 0.0 ], [ 77.372275191183277, 10.382210467362995, 0.0 ], [ 77.372971562454083, 10.382503970079714, 0.0 ], [ 77.372944147175176, 10.382694708725271, 0.0 ], [ 77.37309085606438, 10.382966050171278, 0.0 ], [ 77.373164642258075, 10.383137598829228, 0.0 ], [ 77.373355012537147, 10.38338038467502, 0.0 ], [ 77.373760811947989, 10.3834203456564, 0.0 ], [ 77.374137750235334, 10.383417615030261, 0.0 ], [ 77.374297752804338, 10.383516492020041, 0.0 ], [ 77.374473726701879, 10.383802166429811, 0.0 ], [ 77.374880452843826, 10.383928334882867, 0.0 ], [ 77.375243919239566, 10.384054701745795, 0.0 ], [ 77.375635722354048, 10.384109190328175, 0.0 ], [ 77.375781047519254, 10.384194206672401, 0.0 ], [ 77.37591283887069, 10.384393868946757, 0.0 ], [ 77.37608986582336, 10.384794662563637, 0.0 ], [ 77.376280261185812, 10.385036911368408, 0.0 ], [ 77.37671571449637, 10.385177390817656, 0.0 ], [ 77.377151849431925, 10.385346261263036, 0.0 ], [ 77.377299232347681, 10.385646528192007, 0.0 ], [ 77.377325474976516, 10.38567039822577, 0.0 ], [ 77.377359128864668, 10.385682732780056, 0.0 ], [ 77.377529334520489, 10.385832790604011, 0.0 ], [ 77.377706555553289, 10.385901712663468, 0.0 ], [ 77.377953687309258, 10.38601465826615, 0.0 ], [ 77.378404162681434, 10.386126180207444, 0.0 ], [ 77.378449143537921, 10.386384044057341, 0.0 ], [ 77.378394733105438, 10.386785883583013, 0.0 ], [ 77.378386959006463, 10.386792054491364, 0.0 ], [ 77.377991090046621, 10.387104649146391, 0.0 ], [ 77.378166627332575, 10.387289674000435, 0.0 ], [ 77.378442158785546, 10.387345195354847, 0.0 ], [ 77.378964173736378, 10.387370181888299, 0.0 ], [ 77.378964191456888, 10.387369647174362, 0.0 ], [ 77.379470272352037, 10.387222821684608, 0.0 ], [ 77.379861870224161, 10.387479631708256, 0.0 ], [ 77.380183610548983, 10.387690813855869, 0.0 ], [ 77.380477523365329, 10.387877003750019, 0.0 ], [ 77.380766159889959, 10.388059274793983, 0.0 ], [ 77.381360523853957, 10.388430258512422, 0.0 ], [ 77.381863303097248, 10.388464780412942, 0.0 ], [ 77.38246269136792, 10.388537230206531, 0.0 ], [ 77.382869030966006, 10.388610371066934, 0.0 ], [ 77.383815462093906, 10.388603613618804, 0.0 ], [ 77.384434064762303, 10.388618331787063, 0.0 ], [ 77.384974633450696, 10.388556645666167, 0.0 ], [ 77.385399975216984, 10.38861112519861, 0.0 ], [ 77.386233001098176, 10.38891060692205, 0.0 ], [ 77.387005481759147, 10.38886660449066, 0.0 ], [ 77.387410481198188, 10.388767860311988, 0.0 ], [ 77.387459338801179, 10.388761950319843, 0.0 ], [ 77.38773892850493, 10.388727656406687, 0.0 ], [ 77.388108829898229, 10.389068852623005, 0.0 ], [ 77.388420044221775, 10.389353546072119, 0.0 ], [ 77.388924424645921, 10.389617735490702, 0.0 ], [ 77.388927366135718, 10.39001930090868, 0.0 ], [ 77.38908560912688, 10.390515294712783, 0.0 ], [ 77.389301083214136, 10.390915720259134, 0.0 ], [ 77.38950023244206, 10.391679083610294, 0.0 ], [ 77.389523002820667, 10.39211876568945, 0.0 ], [ 77.389508236004218, 10.392499955035916, 0.0 ], [ 77.389627238528689, 10.392792873189736, 0.0 ], [ 77.389856250828174, 10.393094709481966, 0.0 ], [ 77.389995094979568, 10.393654315580205, 0.0 ], [ 77.390239386274359, 10.394001077372408, 0.0 ], [ 77.391020198105011, 10.395047198300215, 0.0 ], [ 77.39228341469736, 10.39604203037141, 0.0 ], [ 77.392964364405344, 10.396658273537975, 0.0 ], [ 77.393257331927529, 10.397086906306633, 0.0 ], [ 77.393409574904069, 10.397994367130686, 0.0 ], [ 77.393608835448177, 10.398853569298407, 0.0 ], [ 77.393621849008511, 10.399245303910149, 0.0 ], [ 77.394008886149905, 10.399314577986923, 0.0 ], [ 77.39451385255731, 10.399071298928355, 0.0 ], [ 77.394946871200389, 10.398828901403864, 0.0 ], [ 77.39518678997733, 10.398588282578942, 0.0 ], [ 77.395547034378538, 10.398322651161712, 0.0 ], [ 77.395885372210699, 10.3983437717841, 0.0 ], [ 77.396118464808609, 10.398489960408568, 0.0 ], [ 77.396224951485564, 10.398556573002006, 0.0 ], [ 77.396539568820543, 10.398673815768534, 0.0 ], [ 77.396926288237339, 10.398670804477922, 0.0 ], [ 77.397457404294357, 10.39866711047635, 0.0 ], [ 77.397986940772768, 10.398399990571168, 0.0 ], [ 77.398323427335043, 10.398182297197851, 0.0 ], [ 77.398994594375878, 10.397555745127084, 0.0 ], [ 77.399041779043671, 10.397387578364748, 0.0 ], [ 77.399597231998399, 10.397383592992968, 0.0 ], [ 77.400009872966834, 10.397643712689502, 0.0 ], [ 77.400445070120014, 10.39771184948226, 0.0 ], [ 77.400662491456671, 10.397710313629172, 0.0 ], [ 77.401217321552778, 10.397610481551505, 0.0 ], [ 77.401675965616178, 10.397607105846486, 0.0 ], [ 77.402306370689018, 10.397937423677071, 0.0 ], [ 77.402541865567812, 10.398060125386641, 0.0 ], [ 77.402621583160681, 10.398102314336093, 0.0 ], [ 77.403008926191546, 10.398195127077232, 0.0 ], [ 77.403373214167246, 10.398478834740216, 0.0 ], [ 77.403952708612692, 10.39845098473215, 0.0 ], [ 77.404078023494165, 10.398455033016218, 0.0 ], [ 77.404532272376585, 10.398470241861917, 0.0 ], [ 77.404943367518001, 10.398515103429089, 0.0 ], [ 77.405668408465218, 10.398533701426365, 0.0 ], [ 77.405839351490997, 10.398843277703092, 0.0 ], [ 77.406324442105458, 10.399054865070202, 0.0 ], [ 77.406327615413744, 10.39953300042627, 0.0 ], [ 77.406537972290096, 10.400386121557634, 0.0 ], [ 77.406547606586727, 10.400487606883299, 0.0 ], [ 77.406603486972301, 10.401072903642611, 0.0 ], [ 77.406936801067587, 10.401279590089183, 0.0 ], [ 77.407000058203423, 10.40160817480429, 0.0 ], [ 77.407483151832139, 10.401634476289285, 0.0 ], [ 77.408176702736867, 10.401509650700181, 0.0 ], [ 77.409021245698355, 10.401413783520134, 0.0 ], [ 77.409442740528903, 10.401290878907382, 0.0 ], [ 77.409805029922111, 10.401258137088472, 0.0 ], [ 77.410108699609751, 10.401494907931692, 0.0 ], [ 77.410654235078269, 10.401759822591435, 0.0 ], [ 77.411017651727036, 10.401906444788315, 0.0 ], [ 77.411777629730864, 10.40143900107806, 0.0 ], [ 77.412546397078088, 10.400490590956926, 0.0 ], [ 77.413174693994364, 10.399768370886429, 0.0 ], [ 77.413411053320274, 10.399108993951707, 0.0 ], [ 77.41364637605831, 10.398300233955265, 0.0 ], [ 77.413731627514693, 10.397582458386001, 0.0 ], [ 77.413302690588097, 10.396748541702868, 0.0 ], [ 77.412754467648725, 10.396154878536235, 0.0 ], [ 77.412570174054395, 10.395708381460629, 0.0 ], [ 77.411904161649218, 10.395473853850504, 0.0 ], [ 77.411738733313285, 10.395325057711892, 0.0 ], [ 77.411508698341564, 10.395118506352917, 0.0 ], [ 77.410996073223416, 10.395152290342741, 0.0 ], [ 77.410718335506203, 10.394407292239476, 0.0 ], [ 77.410474533878499, 10.394109830087817, 0.0 ], [ 77.410229779614383, 10.393693500706352, 0.0 ], [ 77.409891929567621, 10.392918730225446, 0.0 ], [ 77.409553242227986, 10.392054539784461, 0.0 ], [ 77.409216317493943, 10.391399708175779, 0.0 ], [ 77.409242970751095, 10.390951456775166, 0.0 ], [ 77.409092808213529, 10.390306401124398, 0.0 ], [ 77.409055385220356, 10.390145676523272, 0.0 ], [ 77.409017793827275, 10.390121445893231, 0.0 ], [ 77.40854448859281, 10.389815508093365, 0.0 ], [ 77.40879680645817, 10.389377754163185, 0.0 ], [ 77.40895679462119, 10.389100284262806, 0.0 ], [ 77.409042905281595, 10.388471957659556, 0.0 ], [ 77.408844210340263, 10.388118679054065, 0.0 ], [ 77.408792653970011, 10.387664697770088, 0.0 ], [ 77.408765527110461, 10.387306251223654, 0.0 ], [ 77.408641203539247, 10.386829046798805, 0.0 ], [ 77.408711472641841, 10.386517637974649, 0.0 ], [ 77.408946166979803, 10.38567892945469, 0.0 ], [ 77.40942533408662, 10.385149475392286, 0.0 ], [ 77.409808578817803, 10.384692400453622, 0.0 ], [ 77.409492506386883, 10.384455778464776, 0.0 ], [ 77.408887455396112, 10.384292798588175, 0.0 ], [ 77.408596012827729, 10.384079986749112, 0.0 ], [ 77.408399861129837, 10.383698960996107, 0.0 ], [ 77.408585443823029, 10.382693276989382, 0.0 ], [ 77.408486146446634, 10.382359271826353, 0.0 ], [ 77.409184570584188, 10.382067070167841, 0.0 ], [ 77.410027676646195, 10.381797732967092, 0.0 ], [ 77.410819849542705, 10.381170256370416, 0.0 ], [ 77.41122687759669, 10.380712881937987, 0.0 ], [ 77.411950312451069, 10.380563857870268, 0.0 ], [ 77.412746854175381, 10.380509789488395, 0.0 ], [ 77.413669761299545, 10.380049238327594, 0.0 ], [ 77.413679927356682, 10.379510014661046, 0.0 ], [ 77.414155936050292, 10.378467135916663, 0.0 ], [ 77.414004463477283, 10.377631520855916, 0.0 ], [ 77.413998808342726, 10.376866446453318, 0.0 ], [ 77.413799852574002, 10.376126723206193, 0.0 ], [ 77.413338481164615, 10.375771422442748, 0.0 ], [ 77.413283827935047, 10.37493465474004, 0.0 ], [ 77.413281155097621, 10.374621442176164, 0.0 ], [ 77.413276698253824, 10.374050178352951, 0.0 ], [ 77.413198880747331, 10.373309550636668, 0.0 ], [ 77.413065891951163, 10.372175340341606, 0.0 ], [ 77.412412432675183, 10.371546221616976, 0.0 ], [ 77.411947384824785, 10.3707609970746, 0.0 ], [ 77.41136173565863, 10.369927992774047, 0.0 ], [ 77.411057243309799, 10.369586851874724, 0.0 ], [ 77.410179921545719, 10.369354083466897, 0.0 ], [ 77.409725646559465, 10.369178316223262, 0.0 ], [ 77.409208665053015, 10.368674023463628, 0.0 ], [ 77.408994348210797, 10.368287082288187, 0.0 ], [ 77.408721029767321, 10.368050246662643, 0.0 ], [ 77.40850559241872, 10.367483962653385, 0.0 ], [ 77.408517202854711, 10.367459716174283, 0.0 ], [ 77.40890389396273, 10.367438476305837, 0.0 ], [ 77.409692718431018, 10.367994359625914, 0.0 ], [ 77.410457410308254, 10.368478808541074, 0.0 ], [ 77.411220919024188, 10.368867942021993, 0.0 ], [ 77.412251573359072, 10.369386118236795, 0.0 ], [ 77.413185690188087, 10.370012506851808, 0.0 ], [ 77.41426324867966, 10.370387130026057, 0.0 ], [ 77.415431588454567, 10.370483664958865, 0.0 ], [ 77.416341574704603, 10.370529046123027, 0.0 ], [ 77.41766492458494, 10.370827529094042, 0.0 ], [ 77.418749525825547, 10.37060982406922, 0.0 ], [ 77.417959072472527, 10.369838764699706, 0.0 ], [ 77.41746596875808, 10.368557558347288, 0.0 ], [ 77.417400223657438, 10.367810915516516, 0.0 ], [ 77.416906957813268, 10.36646922960667, 0.0 ], [ 77.416719151443914, 10.365604118709586, 0.0 ], [ 77.416224305498957, 10.364113595070071, 0.0 ], [ 77.415915942463926, 10.363248888054985, 0.0 ], [ 77.415910028298754, 10.362442100843982, 0.0 ], [ 77.415333324916375, 10.362027978895972, 0.0 ], [ 77.414428360113689, 10.362094616322366, 0.0 ], [ 77.413039166009199, 10.362074984145053, 0.0 ], [ 77.413396374130542, 10.361355376033449, 0.0 ], [ 77.413752270440767, 10.360527610665711, 0.0 ], [ 77.413674894195225, 10.359954562833311, 0.0 ], [ 77.413668609106438, 10.359093715807182, 0.0 ], [ 77.413481866626924, 10.358377986596077, 0.0 ], [ 77.413224691317296, 10.35791368375367, 0.0 ], [ 77.413254984802577, 10.357124137004575, 0.0 ], [ 77.413938821662356, 10.35658099179914, 0.0 ], [ 77.414296797173094, 10.355969001338639, 0.0 ], [ 77.4145821454876, 10.355428530484541, 0.0 ], [ 77.413997368373742, 10.354751361793628, 0.0 ], [ 77.413445325395713, 10.353572146031855, 0.0 ], [ 77.41322281970254, 10.352892208309681, 0.0 ], [ 77.412854183508998, 10.352070010450319, 0.0 ], [ 77.412736317314057, 10.350887677599353, 0.0 ], [ 77.412658281748179, 10.350170658667434, 0.0 ], [ 77.412399996630242, 10.349527039002892, 0.0 ], [ 77.412683751900957, 10.348771917556254, 0.0 ], [ 77.41332636298344, 10.347476041228894, 0.0 ], [ 77.413894449714746, 10.346802343650072, 0.0 ], [ 77.414516705558611, 10.345302976820646, 0.0 ], [ 77.414874262892013, 10.34470277392321, 0.0 ], [ 77.414260425572863, 10.343332692064973, 0.0 ], [ 77.413861383849508, 10.342498843113187, 0.0 ], [ 77.413337857497112, 10.341127933971253, 0.0 ], [ 77.413000325349088, 10.3404127434654, 0.0 ], [ 77.413019011337482, 10.338858634322657, 0.0 ], [ 77.413222200427484, 10.337840848176597, 0.0 ], [ 77.413969146888576, 10.336789221254312, 0.0 ], [ 77.414385763482485, 10.336068924094876, 0.0 ], [ 77.415221847854966, 10.334837142486149, 0.0 ], [ 77.415608818054821, 10.334146932122197, 0.0 ], [ 77.416446108733794, 10.333124443870991, 0.0 ], [ 77.417163870047006, 10.332252232635099, 0.0 ], [ 77.417461672401089, 10.331742179085367, 0.0 ], [ 77.416585405535756, 10.33159941962206, 0.0 ], [ 77.415466665328509, 10.331368564689834, 0.0 ], [ 77.414227374917573, 10.331138631055179, 0.0 ], [ 77.412928375836316, 10.330998809784866, 0.0 ], [ 77.412405821724775, 10.329747865748674, 0.0 ], [ 77.412041577014492, 10.329451410202408, 0.0 ], [ 77.411890755859488, 10.32945243208763, 0.0 ], [ 77.410628002702225, 10.330149685736684, 0.0 ], [ 77.408575324691455, 10.33006792042174, 0.0 ], [ 77.406640175429686, 10.329634036315163, 0.0 ], [ 77.404676613729265, 10.329439496956009, 0.0 ], [ 77.402410393690701, 10.329097610701547, 0.0 ], [ 77.398604302412295, 10.328677517917992, 0.0 ], [ 77.396216817444781, 10.328277023537275, 0.0 ], [ 77.394011464595152, 10.328024205373216, 0.0 ], [ 77.393092589918837, 10.327929156983272, 0.0 ], [ 77.392943397464649, 10.327913621443933, 0.0 ], [ 77.3916970572362, 10.327784409845345, 0.0 ], [ 77.391648851587888, 10.32782030939511, 0.0 ], [ 77.390852223310574, 10.327754894957776, 0.0 ], [ 77.389407931393478, 10.328333156077724, 0.0 ], [ 77.388414453165112, 10.328729080485889, 0.0 ], [ 77.387865728449171, 10.329028106478068, 0.0 ], [ 77.3864285595551, 10.329520945370508, 0.0 ], [ 77.385165500232176, 10.330158028596006, 0.0 ], [ 77.383931714025067, 10.330645134782644, 0.0 ], [ 77.383152018564502, 10.331308592969664, 0.0 ], [ 77.382645323795856, 10.332149490676631, 0.0 ], [ 77.382479799778679, 10.33264343396708, 0.0 ], [ 77.382355917080361, 10.333006006590894, 0.0 ], [ 77.382260479852704, 10.333162390347825, 0.0 ], [ 77.381685129235109, 10.333073067473185, 0.0 ], [ 77.381123870186684, 10.332917303046711, 0.0 ], [ 77.380500152060492, 10.332836037913216, 0.0 ], [ 77.379513256495244, 10.332656274770956, 0.0 ], [ 77.379106472985711, 10.33248732452331, 0.0 ], [ 77.379115384677306, 10.331712683441198, 0.0 ], [ 77.379307269142558, 10.330276632001764, 0.0 ], [ 77.379413112356048, 10.328941615773672, 0.0 ], [ 77.37943205106744, 10.327635893290326, 0.0 ], [ 77.379599119290205, 10.326687660723479, 0.0 ], [ 77.379648559673257, 10.32555419159184, 0.0 ], [ 77.379773157791433, 10.324778513266994, 0.0 ], [ 77.379806748128289, 10.323487202269325, 0.0 ], [ 77.379831908927301, 10.322956076265379, 0.0 ], [ 77.379869992706134, 10.322295864269462, 0.0 ], [ 77.378949778485108, 10.321312865738349, 0.0 ], [ 77.378410181714742, 10.320814769046182, 0.0 ], [ 77.376999321646764, 10.319390377652446, 0.0 ], [ 77.376463126710433, 10.318724886973904, 0.0 ], [ 77.375878256397726, 10.318011791004501, 0.0 ], [ 77.375668794081051, 10.317565093207831, 0.0 ], [ 77.375616509211582, 10.317577306984804, 0.0 ], [ 77.375695983161819, 10.317315530495073, 0.0 ], [ 77.376224994912121, 10.317072650074163, 0.0 ], [ 77.376875668725233, 10.316876533870932, 0.0 ], [ 77.378267193354262, 10.316649370996959, 0.0 ], [ 77.379142121940816, 10.316453574988451, 0.0 ], [ 77.380348219914865, 10.316277092827979, 0.0 ], [ 77.380699530935829, 10.314839884574971, 0.0 ], [ 77.381001526562756, 10.313259807145499, 0.0 ], [ 77.38123439028611, 10.312086333557211, 0.0 ], [ 77.381667672559203, 10.310017148942919, 0.0 ], [ 77.381980663140396, 10.309230510359187, 0.0 ], [ 77.382072305908082, 10.308584380855679, 0.0 ], [ 77.381677406133292, 10.307487401495088, 0.0 ], [ 77.381430909006511, 10.30677196848689, 0.0 ], [ 77.381147551222526, 10.305799018645276, 0.0 ], [ 77.381084043601945, 10.305579163568975, 0.0 ], [ 77.380615220893375, 10.30426735264424, 0.0 ], [ 77.380122947743672, 10.303027560106269, 0.0 ], [ 77.379777294989893, 10.301978217640501, 0.0 ], [ 77.379605097097183, 10.301548817363212, 0.0 ], [ 77.378928047989845, 10.301434246869226, 0.0 ], [ 77.378396136014459, 10.301342583192801, 0.0 ], [ 77.377984710232397, 10.301202392592394, 0.0 ], [ 77.377714261004357, 10.300558430917006, 0.0 ], [ 77.377612391028919, 10.299865903748451, 0.0 ], [ 77.377607263603792, 10.299172776913613, 0.0 ], [ 77.377842555419335, 10.298333891401397, 0.0 ], [ 77.378364561709773, 10.297158651326015, 0.0 ], [ 77.378815874953233, 10.296127199535761, 0.0 ], [ 77.379052414399567, 10.295527550763097, 0.0 ], [ 77.379383194803722, 10.294497003676636, 0.0 ], [ 77.379690925383642, 10.293705432388816, 0.0 ], [ 77.379878722636136, 10.293011099009084, 0.0 ], [ 77.380260052872785, 10.292362650611731, 0.0 ], [ 77.380377509209012, 10.291883281087168, 0.0 ], [ 77.380396735347119, 10.291237520257161, 0.0 ], [ 77.37997724839289, 10.290069179636241, 0.0 ], [ 77.37978249901515, 10.289831696775298, 0.0 ], [ 77.379582631146164, 10.288900580763366, 0.0 ], [ 77.379046019035073, 10.28823462798052, 0.0 ], [ 77.37880169431881, 10.287830194930729, 0.0 ], [ 77.378940509319108, 10.287016035198057, 0.0 ], [ 77.379124701724493, 10.285843246502742, 0.0 ], [ 77.379241273177513, 10.285292696722149, 0.0 ], [ 77.379475622729345, 10.284334503953962, 0.0 ], [ 77.379567517768123, 10.283664369855897, 0.0 ], [ 77.379971061894778, 10.282752344679777, 0.0 ], [ 77.380064497923968, 10.282345517814512, 0.0 ], [ 77.379769993221217, 10.281678352968433, 0.0 ], [ 77.379275767934971, 10.280222971427246, 0.0 ], [ 77.378855346477593, 10.278839552301564, 0.0 ], [ 77.378809513390365, 10.27864116080614, 0.0 ], [ 77.378530855376084, 10.27743089865757, 0.0 ], [ 77.37840677599921, 10.277001496053757, 0.0 ], [ 77.378300997913001, 10.275758870384657, 0.0 ], [ 77.37819673733128, 10.274731390752059, 0.0 ], [ 77.378067507472622, 10.273560780494458, 0.0 ], [ 77.377938930142676, 10.272533589294394, 0.0 ], [ 77.377860491927066, 10.271721514794399, 0.0 ], [ 77.377088337900176, 10.27177506773848, 0.0 ], [ 77.376412341644439, 10.27177984342039, 0.0 ], [ 77.376384132033849, 10.271278123893635, 0.0 ], [ 77.376136555564997, 10.270418819577133, 0.0 ], [ 77.376038361818104, 10.269893425458214, 0.0 ], [ 77.375965931999517, 10.269731627954584, 0.0 ], [ 77.376114940858898, 10.269441130269362, 0.0 ], [ 77.376531092806886, 10.268914270026373, 0.0 ], [ 77.376963218155495, 10.268638862240365, 0.0 ], [ 77.377359830475186, 10.268391726230245, 0.0 ], [ 77.377849503537462, 10.267993523277413, 0.0 ], [ 77.378163555725251, 10.267759753434516, 0.0 ], [ 77.378375134951582, 10.267602373375206, 0.0 ], [ 77.379010097012724, 10.267253832537897, 0.0 ], [ 77.379442291677492, 10.266992332528988, 0.0 ], [ 77.379803551862622, 10.266817342727267, 0.0 ], [ 77.379888623083005, 10.266630169282561, 0.0 ], [ 77.379768894702806, 10.266085895238984, 0.0 ], [ 77.379736744875714, 10.265670200243729, 0.0 ], [ 77.379732781693903, 10.265153765724625, 0.0 ], [ 77.379770569993084, 10.264844675471972, 0.0 ], [ 77.379850619225166, 10.264417646948226, 0.0 ], [ 77.37989606857866, 10.264072959532133, 0.0 ], [ 77.380068645532532, 10.2639185925928, 0.0 ], [ 77.380221469676655, 10.26365925335557, 0.0 ], [ 77.380375388148266, 10.263562598208837, 0.0 ], [ 77.380799976505202, 10.263530378062407, 0.0 ], [ 77.381056210316686, 10.263508739346603, 0.0 ], [ 77.381523791277331, 10.263515900431102, 0.0 ], [ 77.381900158002338, 10.263455359533445, 0.0 ], [ 77.382122448199098, 10.26346364819473, 0.0 ], [ 77.38203112808408, 10.262909605057361, 0.0 ], [ 77.381969178272598, 10.262316924980002, 0.0 ], [ 77.381955476093182, 10.261800716410862, 0.0 ], [ 77.38074712743213, 10.261863660525851, 0.0 ], [ 77.380151969140485, 10.262055126480552, 0.0 ], [ 77.379686242126894, 10.262041065681027, 0.0 ], [ 77.37922130131561, 10.262084811581241, 0.0 ], [ 77.379045377584873, 10.262030407821799, 0.0 ], [ 77.378755715150305, 10.262099108632128, 0.0 ], [ 77.378641237360796, 10.262048841250445, 0.0 ], [ 77.378168201904543, 10.262092320664477, 0.0 ], [ 77.377641520873894, 10.262189697425137, 0.0 ], [ 77.376603960234533, 10.26205431326394, 0.0 ], [ 77.375833331922593, 10.262210095087385, 0.0 ], [ 77.375604641058374, 10.262166811759652, 0.0 ], [ 77.375078296277664, 10.262221388002585, 0.0 ], [ 77.374483396298302, 10.262372177231525, 0.0 ], [ 77.374048289837646, 10.262591295396881, 0.0 ], [ 77.373636013435927, 10.262968988242388, 0.0 ], [ 77.373010386330989, 10.263378260909764, 0.0 ], [ 77.372842914829519, 10.263541345770889, 0.0 ], [ 77.37224763215518, 10.263735986643464, 0.0 ], [ 77.370882092785166, 10.26441650782926, 0.0 ], [ 77.370492935515117, 10.26479708745179, 0.0 ], [ 77.370264219018893, 10.265128851815055, 0.0 ], [ 77.370141792981585, 10.265236687834008, 0.0 ], [ 77.370088350827018, 10.26534944492416, 0.0 ], [ 77.370210559697881, 10.265817832702863, 0.0 ], [ 77.370477778315447, 10.266425770865487, 0.0 ], [ 77.370835998386568, 10.267645009381566, 0.0 ], [ 77.371896380174761, 10.267468183185381, 0.0 ], [ 77.371574817741347, 10.269670106354202, 0.0 ], [ 77.37124843156559, 10.271203083934987, 0.0 ], [ 77.370708240706946, 10.274180701416336, 0.0 ], [ 77.370790189255302, 10.274739288210041, 0.0 ], [ 77.370729512659636, 10.275542033723641, 0.0 ], [ 77.37066691737725, 10.275783981072333, 0.0 ], [ 77.370713936203003, 10.277232304480613, 0.0 ], [ 77.371419720556091, 10.278040208653719, 0.0 ], [ 77.370993718875425, 10.278683397193221, 0.0 ], [ 77.370936841666889, 10.278769295879384, 0.0 ], [ 77.370655870067466, 10.279193549966541, 0.0 ], [ 77.369892024693272, 10.280346357958749, 0.0 ], [ 77.369536204368401, 10.281186062456099, 0.0 ], [ 77.369929493717649, 10.282163594160183, 0.0 ], [ 77.370467016718209, 10.283304739713099, 0.0 ], [ 77.37056272260665, 10.283497805449693, 0.0 ], [ 77.370754469109301, 10.284020391476348, 0.0 ], [ 77.370963677787714, 10.28448896916942, 0.0 ], [ 77.371086390618387, 10.28476371062146, 0.0 ], [ 77.371393939914938, 10.285280971157077, 0.0 ], [ 77.371825513372713, 10.286473254492892, 0.0 ], [ 77.372285911233348, 10.287546086882932, 0.0 ], [ 77.372867391070713, 10.288617510805159, 0.0 ], [ 77.373265929468545, 10.289421864247108, 0.0 ], [ 77.373513797784412, 10.290256633271925, 0.0 ], [ 77.37303557775391, 10.290567477846203, 0.0 ], [ 77.372559971087071, 10.290929774628513, 0.0 ], [ 77.371983247113022, 10.29127807819844, 0.0 ], [ 77.371685779544194, 10.291449792642087, 0.0 ], [ 77.371219210075765, 10.291800073476857, 0.0 ], [ 77.370973615973469, 10.291873948576285, 0.0 ], [ 77.370713770306594, 10.292019061356006, 0.0 ], [ 77.3705589877477, 10.292580148256041, 0.0 ], [ 77.37034361561426, 10.292882955085691, 0.0 ], [ 77.370199970778259, 10.293027034381458, 0.0 ], [ 77.369852839635527, 10.293115795658537, 0.0 ], [ 77.369462475723083, 10.293204753801199, 0.0 ], [ 77.369303900405228, 10.293277714111268, 0.0 ], [ 77.369219821582035, 10.293694489122565, 0.0 ], [ 77.369179133282856, 10.294024922227559, 0.0 ], [ 77.369123193056836, 10.294326499129868, 0.0 ], [ 77.368994578085832, 10.294571130255639, 0.0 ], [ 77.368793149283746, 10.294730450665105, 0.0 ], [ 77.368519867945039, 10.295019599690946, 0.0 ], [ 77.368254988185868, 10.295429954047998, 0.0 ], [ 77.367910689483253, 10.295872503364592, 0.0 ], [ 77.367853504748439, 10.296455503535697, 0.0 ], [ 77.368036798970508, 10.297249140432172, 0.0 ], [ 77.368116252048026, 10.297573858959863, 0.0 ], [ 77.36811967149049, 10.297975296737855, 0.0 ], [ 77.367930810492624, 10.298569531313122, 0.0 ], [ 77.367934372010865, 10.299048030371114, 0.0 ], [ 77.367823061030819, 10.299698838808103, 0.0 ], [ 77.367633936927234, 10.300235812115183, 0.0 ], [ 77.367366558870927, 10.300639671021866, 0.0 ], [ 77.366771454402624, 10.301084224583018, 0.0 ], [ 77.366483923420475, 10.301411441194475, 0.0 ], [ 77.36697372224026, 10.301859766606416, 0.0 ], [ 77.367363172427602, 10.302287163741042, 0.0 ], [ 77.367971100376877, 10.302904684611013, 0.0 ], [ 77.368434173762338, 10.303474677962193, 0.0 ], [ 77.368447527961791, 10.303642068436561, 0.0 ], [ 77.368256640530106, 10.303906620014857, 0.0 ], [ 77.367920803734364, 10.304207654790806, 0.0 ], [ 77.367573054774766, 10.304509371419959, 0.0 ], [ 77.367105131646298, 10.304931320209787, 0.0 ], [ 77.366636996408474, 10.305245702630669, 0.0 ], [ 77.366385504934655, 10.305593898180588, 0.0 ], [ 77.366422994814087, 10.305701608203712, 0.0 ], [ 77.366824627663917, 10.306152955176442, 0.0 ], [ 77.367225232991345, 10.306472628614026, 0.0 ], [ 77.367603233529792, 10.306936047734647, 0.0 ], [ 77.3679310840174, 10.307184854753276, 0.0 ], [ 77.368101941231771, 10.30745851534803, 0.0 ], [ 77.368345650428026, 10.307767726103263, 0.0 ], [ 77.368400867763157, 10.307850394653896, 0.0 ], [ 77.368333960519479, 10.307859386589248, 0.0 ], [ 77.367309234763923, 10.308075914964991, 0.0 ], [ 77.365891183122102, 10.3081763422488, 0.0 ], [ 77.365108060194217, 10.30839109482584, 0.0 ], [ 77.364271457832302, 10.309239294756813, 0.0 ], [ 77.363531180318532, 10.30974172951785, 0.0 ], [ 77.363203300901716, 10.310241553025172, 0.0 ], [ 77.362615534472368, 10.310853842779062, 0.0 ], [ 77.361952105554082, 10.311433697057526, 0.0 ], [ 77.361488660964156, 10.311638522576338, 0.0 ], [ 77.360524830562511, 10.311875187059353, 0.0 ], [ 77.359443587493288, 10.311921253058387, 0.0 ], [ 77.357262734549337, 10.312224138721518, 0.0 ], [ 77.356394967740798, 10.312383106611712, 0.0 ], [ 77.355487313424732, 10.312409123739611, 0.0 ], [ 77.354736744543715, 10.312797200696702, 0.0 ], [ 77.354452208253505, 10.313600779197138, 0.0 ], [ 77.353915241998521, 10.31406539851873, 0.0 ], [ 77.353359701026662, 10.314681924655735, 0.0 ], [ 77.353014615573287, 10.315047923912461, 0.0 ], [ 77.352533550932876, 10.315261780850101, 0.0 ], [ 77.352130039513995, 10.315532220022845, 0.0 ], [ 77.351900378375461, 10.315839913342272, 0.0 ], [ 77.351718878098538, 10.31569163399549, 0.0 ], [ 77.351314786763595, 10.315360877290091, 0.0 ], [ 77.351019511288783, 10.314494142251037, 0.0 ], [ 77.350291280717201, 10.314033128517474, 0.0 ], [ 77.349563594773016, 10.313572129546381, 0.0 ], [ 77.348657147205543, 10.313399606934258, 0.0 ], [ 77.348044107972115, 10.313762715893608, 0.0 ], [ 77.347753657893506, 10.3136568908246, 0.0 ], [ 77.347560049871561, 10.312008759681003, 0.0 ], [ 77.347226545651054, 10.311006782677858, 0.0 ], [ 77.346964850002962, 10.309861067417433, 0.0 ], [ 77.346161610587032, 10.309041725095433, 0.0 ], [ 77.345180037357082, 10.308546717614707, 0.0 ], [ 77.344270892560061, 10.308051399410582, 0.0 ], [ 77.34321879743365, 10.307807721059175, 0.0 ], [ 77.342345153539739, 10.307204388447168, 0.0 ], [ 77.341431533087345, 10.306099401892615, 0.0 ], [ 77.341280622659511, 10.30531104012312, 0.0 ], [ 77.341274669907207, 10.304486224722599, 0.0 ], [ 77.341485992664715, 10.303659967097367, 0.0 ], [ 77.341804391490427, 10.302653139198899, 0.0 ], [ 77.341979490288068, 10.301827305925691, 0.0 ], [ 77.341754769868515, 10.300045514863735, 0.0 ], [ 77.341614220702056, 10.300128134298367, 0.0 ], [ 77.341545766287027, 10.300284819886706, 0.0 ], [ 77.341730073151098, 10.299862768631593, 0.0 ], [ 77.341750825550463, 10.299548804088856, 0.0 ], [ 77.341794869211412, 10.298861027283481, 0.0 ], [ 77.341366923800166, 10.298051841604067, 0.0 ], [ 77.34103292881656, 10.297147810739277, 0.0 ], [ 77.34127107650869, 10.296149083427142, 0.0 ], [ 77.34184186538792, 10.295577027973449, 0.0 ], [ 77.342508807660721, 10.294245070225273, 0.0 ], [ 77.343317808764724, 10.293626234678227, 0.0 ], [ 77.343889020605076, 10.292960014492245, 0.0 ], [ 77.344840812964364, 10.292886828564871, 0.0 ], [ 77.345030250562289, 10.292860923498562, 0.0 ], [ 77.345409790824064, 10.292432963434942, 0.0 ], [ 77.345743048084145, 10.291481238796274, 0.0 ], [ 77.346980749698119, 10.290482058276153, 0.0 ], [ 77.347503989878149, 10.290005824773568, 0.0 ] ], [ [ 77.394905941907211, 10.33036401053506, 0.0 ], [ 77.394733407919162, 10.329958654688003, 0.0 ], [ 77.394792595184384, 10.330097573688334, 0.0 ], [ 77.394804129903804, 10.330124705492244, 0.0 ], [ 77.394905941907211, 10.33036401053506, 0.0 ] ], [ [ 76.948548763282119, 10.40905195172388, 0.0 ], [ 76.948555235574247, 10.409112145366846, 0.0 ], [ 76.949840897853534, 10.409332863458237, 0.0 ], [ 76.950316092967881, 10.408307861447815, 0.0 ], [ 76.950946239403933, 10.407006212786138, 0.0 ], [ 76.951661054617233, 10.405725776048477, 0.0 ], [ 76.953438073482744, 10.403800952600493, 0.0 ], [ 76.953652025546106, 10.402910176879329, 0.0 ], [ 76.954021943114853, 10.401580039382115, 0.0 ], [ 76.953875880290596, 10.400117036987517, 0.0 ], [ 76.953834952148583, 10.39909623942151, 0.0 ], [ 76.954404977781479, 10.39864693936604, 0.0 ], [ 76.956051162475575, 10.398107845741141, 0.0 ], [ 76.957197777823808, 10.397281202427003, 0.0 ], [ 76.95801724958028, 10.396588042144954, 0.0 ], [ 76.958483128232672, 10.396401115171697, 0.0 ], [ 76.959709259579299, 10.398175933736887, 0.0 ], [ 76.960843038896073, 10.398033004168839, 0.0 ], [ 76.961971823419702, 10.397175176270922, 0.0 ], [ 76.962146971101276, 10.396757906024451, 0.0 ], [ 76.962788984772317, 10.396305773507702, 0.0 ], [ 76.963218079173018, 10.395984223879067, 0.0 ], [ 76.96392209592328, 10.395596920362266, 0.0 ], [ 76.96433527269734, 10.395730932187755, 0.0 ], [ 76.9648528162719, 10.395999800471337, 0.0 ], [ 76.96515501310104, 10.394909259854815, 0.0 ], [ 76.965802810834504, 10.393951944707068, 0.0 ], [ 76.966657827231046, 10.393231094593594, 0.0 ], [ 76.968033123479998, 10.393257263955308, 0.0 ], [ 76.968862207338276, 10.393899035557215, 0.0 ], [ 76.969583110909625, 10.394212016274864, 0.0 ], [ 76.970309070990751, 10.394235008644918, 0.0 ], [ 76.970378181681269, 10.394297947495824, 0.0 ], [ 76.970755849956078, 10.394262046917275, 0.0 ], [ 76.970823918490353, 10.39415898800493, 0.0 ], [ 76.971339266683671, 10.39405407398389, 0.0 ], [ 76.971869038412365, 10.393669141401896, 0.0 ], [ 76.972505770450695, 10.393842080552373, 0.0 ], [ 76.973153783340578, 10.393807162020234, 0.0 ], [ 76.97350305614026, 10.393733846708088, 0.0 ], [ 76.974753263597748, 10.393464833130011, 0.0 ], [ 76.976350947023221, 10.392796928522777, 0.0 ], [ 76.976995032717781, 10.393035955127587, 0.0 ], [ 76.977444912407776, 10.393021859614596, 0.0 ], [ 76.977866189027708, 10.393036197349968, 0.0 ], [ 76.978408138325278, 10.392807995692371, 0.0 ], [ 76.978793201212454, 10.392987011854176, 0.0 ], [ 76.979409803665959, 10.392607795271127, 0.0 ], [ 76.978925002471811, 10.392135099992476, 0.0 ], [ 76.978745002699867, 10.390841764644868, 0.0 ], [ 76.980427838295739, 10.390525875164712, 0.0 ], [ 76.980840030592447, 10.390386774194274, 0.0 ], [ 76.981076923551214, 10.38987477485831, 0.0 ], [ 76.981278832451196, 10.38919290824127, 0.0 ], [ 76.981855039519445, 10.387862028226923, 0.0 ], [ 76.982711234110724, 10.387210203661871, 0.0 ], [ 76.983186996219644, 10.38635598515117, 0.0 ], [ 76.984107782026641, 10.385261034199733, 0.0 ], [ 76.984654817961371, 10.384815114901148, 0.0 ], [ 76.984995173024643, 10.384943817363247, 0.0 ], [ 76.985414880421075, 10.385286774085358, 0.0 ], [ 76.986816989053366, 10.384188970118196, 0.0 ], [ 76.987568148375914, 10.383298950272099, 0.0 ], [ 76.988387159635579, 10.382341192186159, 0.0 ], [ 76.989000861309236, 10.381589261704743, 0.0 ], [ 76.989683963928158, 10.380801767289965, 0.0 ], [ 76.990227949993454, 10.379913014589118, 0.0 ], [ 76.99121763031674, 10.379027562001784, 0.0 ], [ 76.990724879477639, 10.378138468096454, 0.0 ], [ 76.990694858597564, 10.377620991514702, 0.0 ], [ 76.990691016662439, 10.377017174442956, 0.0 ], [ 76.991618950264197, 10.376909059891632, 0.0 ], [ 76.991971214139539, 10.378166079062066, 0.0 ], [ 76.992527003315431, 10.379116033520011, 0.0 ], [ 76.993499280941265, 10.381459180272991, 0.0 ], [ 76.99472044606425, 10.380891445610549, 0.0 ], [ 76.994488794036158, 10.379444174562027, 0.0 ], [ 76.995927916549107, 10.378652210482853, 0.0 ], [ 76.995367052900463, 10.376954253720793, 0.0 ], [ 76.996328913000809, 10.376879956569431, 0.0 ], [ 76.99524678941583, 10.374942054803022, 0.0 ], [ 76.995188173586754, 10.374692142609895, 0.0 ], [ 76.996160989837321, 10.374297046039061, 0.0 ], [ 76.997176116092362, 10.373717143584749, 0.0 ], [ 76.99855394311183, 10.374586761919655, 0.0 ], [ 76.999423772239211, 10.37487696877208, 0.0 ], [ 76.999932103607847, 10.375311846360205, 0.0 ], [ 77.003854959873053, 10.378415868213512, 0.0 ], [ 77.000136083349318, 10.382998201851803, 0.0 ], [ 77.000528221032425, 10.385106201592603, 0.0 ], [ 76.999231879065917, 10.386816002108487, 0.0 ], [ 76.997754798055226, 10.386961073909903, 0.0 ], [ 76.996689173333138, 10.38700175758183, 0.0 ], [ 76.995514176083915, 10.386021979631662, 0.0 ], [ 76.994393865981579, 10.38628155954283, 0.0 ], [ 76.989915885167875, 10.38733332998094, 0.0 ], [ 76.989265076267614, 10.386883588973641, 0.0 ], [ 76.988572358198823, 10.386963378486451, 0.0 ], [ 76.988407129523125, 10.387126653450601, 0.0 ], [ 76.988407740244995, 10.38779511194867, 0.0 ], [ 76.988084795327808, 10.38828970641833, 0.0 ], [ 76.987477495161912, 10.388809037139991, 0.0 ], [ 76.986026482383906, 10.38947037471406, 0.0 ], [ 76.985480905261781, 10.39061738200691, 0.0 ], [ 76.985502650768254, 10.391700246912061, 0.0 ], [ 76.985515331565367, 10.392331714851201, 0.0 ], [ 76.985320443498807, 10.39271702895317, 0.0 ], [ 76.984476892451951, 10.393256668617299, 0.0 ], [ 76.983270090337655, 10.3933654992874, 0.0 ], [ 76.982552324901363, 10.394304660513219, 0.0 ], [ 76.982326792555085, 10.394945023545249, 0.0 ], [ 76.981419870538744, 10.396340742664011, 0.0 ], [ 76.97996408555575, 10.397075122299171, 0.0 ], [ 76.97971963682906, 10.39733940857727, 0.0 ], [ 76.979000253609897, 10.398649855813238, 0.0 ], [ 76.977013090365205, 10.399784815904919, 0.0 ], [ 76.976843787468681, 10.400161090948332, 0.0 ], [ 76.975541145131146, 10.400713096725271, 0.0 ], [ 76.97478118517968, 10.400207098020452, 0.0 ], [ 76.974503147325876, 10.400764232811229, 0.0 ], [ 76.974200206485847, 10.400721943922985, 0.0 ], [ 76.973943795012588, 10.400799079756702, 0.0 ], [ 76.973512966621399, 10.400794029963343, 0.0 ], [ 76.973274793591543, 10.401340258846982, 0.0 ], [ 76.971570824927042, 10.401713155599625, 0.0 ], [ 76.970950214159359, 10.403431185099294, 0.0 ], [ 76.970412091633918, 10.405305794488601, 0.0 ], [ 76.967335873365741, 10.408319897599904, 0.0 ], [ 76.967373018541593, 10.408729176965783, 0.0 ], [ 76.966760274383759, 10.409582860565342, 0.0 ], [ 76.966174846250453, 10.409485051033348, 0.0 ], [ 76.964732190626663, 10.409732209550093, 0.0 ], [ 76.963925267356444, 10.410526008338683, 0.0 ], [ 76.963454800674285, 10.411422734185999, 0.0 ], [ 76.964474829577583, 10.412695070249912, 0.0 ], [ 76.964088190226406, 10.413337246380246, 0.0 ], [ 76.964101865860854, 10.41337788533145, 0.0 ], [ 76.964279229714066, 10.414262218076471, 0.0 ], [ 76.964008772058108, 10.415011842987374, 0.0 ], [ 76.963651054457387, 10.418281748740799, 0.0 ], [ 76.963076038896702, 10.419885826642449, 0.0 ], [ 76.964282182574479, 10.420184986631435, 0.0 ], [ 76.964661951398355, 10.420557154928039, 0.0 ], [ 76.965215979960206, 10.421166253191458, 0.0 ], [ 76.965531992054323, 10.422150821428795, 0.0 ], [ 76.96443581352429, 10.422804856883612, 0.0 ], [ 76.964749107496147, 10.423190738212485, 0.0 ], [ 76.965093906402871, 10.423617890790737, 0.0 ], [ 76.964787768117787, 10.424231891746633, 0.0 ], [ 76.963449057386896, 10.424546986381173, 0.0 ], [ 76.963587918027073, 10.42471574123835, 0.0 ], [ 76.964218213489829, 10.426448196084047, 0.0 ], [ 76.964844893769254, 10.427771999268352, 0.0 ], [ 76.964710193933456, 10.428146851010263, 0.0 ], [ 76.963856840386001, 10.428096835812205, 0.0 ], [ 76.963263897057132, 10.428234868163877, 0.0 ], [ 76.962924107751604, 10.428567119944272, 0.0 ], [ 76.961694793766156, 10.429969792921689, 0.0 ], [ 76.961565114673036, 10.43010066523104, 0.0 ], [ 76.957892236084234, 10.427770994523877, 0.0 ], [ 76.956231175608778, 10.424495813196462, 0.0 ], [ 76.951564246027516, 10.426068809025443, 0.0 ], [ 76.950520854979189, 10.425202941871561, 0.0 ], [ 76.950250738672295, 10.422894250530657, 0.0 ], [ 76.949576827056646, 10.423207108467828, 0.0 ], [ 76.947821913841665, 10.424483891421279, 0.0 ], [ 76.947147993638183, 10.424886155871448, 0.0 ], [ 76.946337918662039, 10.426089933799526, 0.0 ], [ 76.94499112164965, 10.426089205011412, 0.0 ], [ 76.944182027456293, 10.426758117971028, 0.0 ], [ 76.944181165540115, 10.428899812311373, 0.0 ], [ 76.942697142604686, 10.431175143877265, 0.0 ], [ 76.942426768993357, 10.432112189806972, 0.0 ], [ 76.941618190173713, 10.433048845096003, 0.0 ], [ 76.940348969299436, 10.433025131601342, 0.0 ], [ 76.940432221914449, 10.433026485933178, 0.0 ], [ 76.940272946522882, 10.432958710339998, 0.0 ], [ 76.940271251432719, 10.432945799436775, 0.0 ], [ 76.9394061328547, 10.432608222005523, 0.0 ], [ 76.938360925124996, 10.431956889602288, 0.0 ], [ 76.936345746429112, 10.43072809678549, 0.0 ], [ 76.935717128106162, 10.431028056324996, 0.0 ], [ 76.935022078369784, 10.432173786662421, 0.0 ], [ 76.935327782891932, 10.433273224543207, 0.0 ], [ 76.934851983171484, 10.434086225636575, 0.0 ], [ 76.933746957582386, 10.435125806467804, 0.0 ], [ 76.93393917823245, 10.435969022166001, 0.0 ], [ 76.932942142986747, 10.436566954687553, 0.0 ], [ 76.931907205873131, 10.437091245734717, 0.0 ], [ 76.93117021337666, 10.437796955445318, 0.0 ], [ 76.930463958802079, 10.437657205067341, 0.0 ], [ 76.92923373591978, 10.437155016822764, 0.0 ], [ 76.928762776688757, 10.43859198954028, 0.0 ], [ 76.928137154550512, 10.439150123697024, 0.0 ], [ 76.926949926268975, 10.439235235451822, 0.0 ], [ 76.926033010593656, 10.440677193150828, 0.0 ], [ 76.925180782294746, 10.4408320674934, 0.0 ], [ 76.924336252892516, 10.441978888233031, 0.0 ], [ 76.924299004530269, 10.443120776792055, 0.0 ], [ 76.924238934177509, 10.444012863610451, 0.0 ], [ 76.923941893041288, 10.445202788302229, 0.0 ], [ 76.92388179576912, 10.446689791799086, 0.0 ], [ 76.92411978146545, 10.448057853090056, 0.0 ], [ 76.923757171586175, 10.44922082535868, 0.0 ], [ 76.924061261868502, 10.450378136974638, 0.0 ], [ 76.923882145294996, 10.451568014747776, 0.0 ], [ 76.923166263614405, 10.453012915642228, 0.0 ], [ 76.922169910003149, 10.453721153486297, 0.0 ], [ 76.919386015488371, 10.45382204704862, 0.0 ], [ 76.918906932114368, 10.454305086597724, 0.0 ], [ 76.918919938822299, 10.455773869323354, 0.0 ], [ 76.918554906000821, 10.456586029700016, 0.0 ], [ 76.917859849677171, 10.458525944100998, 0.0 ], [ 76.91737704434054, 10.457671179157135, 0.0 ], [ 76.917615245713705, 10.455530210288284, 0.0 ], [ 76.915805844228871, 10.454054011306845, 0.0 ], [ 76.916900978326922, 10.451008735576718, 0.0 ], [ 76.916367807344358, 10.449993153779484, 0.0 ], [ 76.915003743434951, 10.448620167568542, 0.0 ], [ 76.91585404040373, 10.44762993345093, 0.0 ], [ 76.914854021756625, 10.446392053689259, 0.0 ], [ 76.915425099541423, 10.445106980549905, 0.0 ], [ 76.916138856502897, 10.44386984768953, 0.0 ], [ 76.915469118107396, 10.442238978582969, 0.0 ], [ 76.915569244022976, 10.441243915752279, 0.0 ], [ 76.916066128958079, 10.438655049800259, 0.0 ], [ 76.917459909358087, 10.43815707404128, 0.0 ], [ 76.917361117511689, 10.433477981015892, 0.0 ], [ 76.924030892922801, 10.430591251907446, 0.0 ], [ 76.92482702932729, 10.42919699459436, 0.0 ], [ 76.926221219092213, 10.429694882586798, 0.0 ], [ 76.927713823186977, 10.428201765766348, 0.0 ], [ 76.929407170339431, 10.424817166854242, 0.0 ], [ 76.928709958036862, 10.423821053382756, 0.0 ], [ 76.928211970940509, 10.422626975485551, 0.0 ], [ 76.92711702607869, 10.421829780059157, 0.0 ], [ 76.92612089044502, 10.418644930113366, 0.0 ], [ 76.925126112969437, 10.417548794536655, 0.0 ], [ 76.926419959588543, 10.416654224643469, 0.0 ], [ 76.929606165374992, 10.417947863548775, 0.0 ], [ 76.931297968913128, 10.418245872532337, 0.0 ], [ 76.931907207921753, 10.416260857700458, 0.0 ], [ 76.932208263104457, 10.414376778051549, 0.0 ], [ 76.933686125887661, 10.414310019728225, 0.0 ], [ 76.933998888264512, 10.413889086482765, 0.0 ], [ 76.934591214738376, 10.4151367897499, 0.0 ], [ 76.934256074893597, 10.419373873594942, 0.0 ], [ 76.934017907088332, 10.422460109687377, 0.0 ], [ 76.934077902662892, 10.423294827605019, 0.0 ], [ 76.935605119848404, 10.422810029982179, 0.0 ], [ 76.936917051458536, 10.421804087931761, 0.0 ], [ 76.938278795077082, 10.420379073023994, 0.0 ], [ 76.938457883580966, 10.420124161569488, 0.0 ], [ 76.940256889209579, 10.416962830113498, 0.0 ], [ 76.94118286975143, 10.416022923579554, 0.0 ], [ 76.942481067767986, 10.414483209929628, 0.0 ], [ 76.943505767261058, 10.413952107111722, 0.0 ], [ 76.943916781845843, 10.412536124409957, 0.0 ], [ 76.945384243631679, 10.411368098678354, 0.0 ], [ 76.946539210106167, 10.410315852390957, 0.0 ], [ 76.948177980239862, 10.409418913656408, 0.0 ], [ 76.948548763282119, 10.40905195172388, 0.0 ] ], [ [ 76.999989946798564, 10.391747994682081, 0.0 ], [ 77.000763911409692, 10.389768184491421, 0.0 ], [ 77.001749947749843, 10.388162010136172, 0.0 ], [ 77.001774192263142, 10.386459950704799, 0.0 ], [ 77.00207185421246, 10.384687744575052, 0.0 ], [ 77.003587798228438, 10.38522279750825, 0.0 ], [ 77.004387834927059, 10.386648119833039, 0.0 ], [ 77.004978922732548, 10.387597151397893, 0.0 ], [ 77.005154939972329, 10.388208265045051, 0.0 ], [ 77.006534865963374, 10.387363765101279, 0.0 ], [ 77.007582071750164, 10.386463145865708, 0.0 ], [ 77.009159866550462, 10.38552814073198, 0.0 ], [ 77.009066201344311, 10.387027005083178, 0.0 ], [ 77.00927401318306, 10.387263955476355, 0.0 ], [ 77.018876841819534, 10.397292669192128, 0.0 ], [ 77.011131158740739, 10.406797911514118, 0.0 ], [ 77.00636743384068, 10.412556298417336, 0.0 ], [ 77.006003825332996, 10.413486397855179, 0.0 ], [ 77.00581288325553, 10.414406004855785, 0.0 ], [ 77.005994178078211, 10.417316901825757, 0.0 ], [ 77.003315159783924, 10.418272759362774, 0.0 ], [ 76.99933991401609, 10.420035918402835, 0.0 ], [ 76.997934212459427, 10.420488179534496, 0.0 ], [ 76.996150876142494, 10.421350120451391, 0.0 ], [ 76.995224127788504, 10.421628060717909, 0.0 ], [ 76.993600807853227, 10.420412854152032, 0.0 ], [ 76.99307278664665, 10.423955837963035, 0.0 ], [ 76.991666897012081, 10.424577231651789, 0.0 ], [ 76.990020129793606, 10.425098039180902, 0.0 ], [ 76.989542025571396, 10.425714068764481, 0.0 ], [ 76.98878912947292, 10.426195131018401, 0.0 ], [ 76.98782705387012, 10.426371126317436, 0.0 ], [ 76.985908960759502, 10.427471834339338, 0.0 ], [ 76.98526013188912, 10.428156798966251, 0.0 ], [ 76.985376129285513, 10.430164996172016, 0.0 ], [ 76.98534580807106, 10.430947798981421, 0.0 ], [ 76.985607991645551, 10.43132809452084, 0.0 ], [ 76.984348976371706, 10.43121678649592, 0.0 ], [ 76.984265931410746, 10.431735906463201, 0.0 ], [ 76.985364810634024, 10.431818012103957, 0.0 ], [ 76.985931056229646, 10.432121213668736, 0.0 ], [ 76.986244590955053, 10.432893652012083, 0.0 ], [ 76.986203905857494, 10.432942013837733, 0.0 ], [ 76.985684894300633, 10.433566247223935, 0.0 ], [ 76.984964116389733, 10.433604024188311, 0.0 ], [ 76.983349181266959, 10.433852825811815, 0.0 ], [ 76.9832521957333, 10.4328802641169, 0.0 ], [ 76.983279843002421, 10.432051849155805, 0.0 ], [ 76.983303996493959, 10.431004857106805, 0.0 ], [ 76.983225233171368, 10.430518049231665, 0.0 ], [ 76.983324797107528, 10.43000593987305, 0.0 ], [ 76.983212211758485, 10.428474926787283, 0.0 ], [ 76.983276866690801, 10.427895733238648, 0.0 ], [ 76.983617134939081, 10.427248087079411, 0.0 ], [ 76.983377168301502, 10.427453260443427, 0.0 ], [ 76.983922927580736, 10.42683695440283, 0.0 ], [ 76.985073263811785, 10.423698180883251, 0.0 ], [ 76.983341813408884, 10.421837072208897, 0.0 ], [ 76.978351017834882, 10.42649690359206, 0.0 ], [ 76.97775917287197, 10.430824226579714, 0.0 ], [ 76.977196128039239, 10.43423114426019, 0.0 ], [ 76.976795873197503, 10.436242056235171, 0.0 ], [ 76.976224216469603, 10.437440011325043, 0.0 ], [ 76.975315778629835, 10.435945094426122, 0.0 ], [ 76.974615178229811, 10.43390708830383, 0.0 ], [ 76.974637868948307, 10.432137196344891, 0.0 ], [ 76.976173740948724, 10.430254772612836, 0.0 ], [ 76.976787230504527, 10.42936620151726, 0.0 ], [ 76.977002206813054, 10.425246194815889, 0.0 ], [ 76.977969182092039, 10.420474970301669, 0.0 ], [ 76.977836764593761, 10.415983053894227, 0.0 ], [ 76.982124905552624, 10.414322036592198, 0.0 ], [ 76.98167206710788, 10.413439791708136, 0.0 ], [ 76.978512970763489, 10.414071988295568, 0.0 ], [ 76.976371054468288, 10.412486017446293, 0.0 ], [ 76.975679894572906, 10.411944954415841, 0.0 ], [ 76.976122959966645, 10.411296178661258, 0.0 ], [ 76.977563043469146, 10.410639773729869, 0.0 ], [ 76.978133922651807, 10.408424145226853, 0.0 ], [ 76.980025059414686, 10.408412187455387, 0.0 ], [ 76.98042023306752, 10.4056528488133, 0.0 ], [ 76.980921939173214, 10.403539212214458, 0.0 ], [ 76.982581255578708, 10.403234760131479, 0.0 ], [ 76.983853211647272, 10.40344324792515, 0.0 ], [ 76.984986534108174, 10.403174733556448, 0.0 ], [ 76.985455641481835, 10.403053253024574, 0.0 ], [ 76.98590538349896, 10.40287003738541, 0.0 ], [ 76.986105340361206, 10.402893841773773, 0.0 ], [ 76.986981341852925, 10.403150929168085, 0.0 ], [ 76.988245853603544, 10.403528122282031, 0.0 ], [ 76.989106165989895, 10.40359108553438, 0.0 ], [ 76.990813905240429, 10.401878073956583, 0.0 ], [ 76.991851719711818, 10.400161097989789, 0.0 ], [ 76.995255825457761, 10.392150062189213, 0.0 ], [ 76.995717552381862, 10.391646268272604, 0.0 ], [ 76.996284595848408, 10.391826583450451, 0.0 ], [ 76.996800889699529, 10.39166424393785, 0.0 ], [ 76.997221989726356, 10.391503441942431, 0.0 ], [ 76.997460033609983, 10.3910940064626, 0.0 ], [ 76.997726642759631, 10.391132093483979, 0.0 ], [ 76.997936121377222, 10.39140822438898, 0.0 ], [ 76.998507637919417, 10.391518324217232, 0.0 ], [ 76.998793079358265, 10.391493920187086, 0.0 ], [ 76.999107297284652, 10.391608181251224, 0.0 ], [ 76.999659218101186, 10.391953185911285, 0.0 ], [ 76.999989946798564, 10.391747994682081, 0.0 ] ] ] ] } }
]
}
